# $0=time_ms	$1=step	$2=step_phase	$3=inhibit_i	$4=pitch	$5=roll	$6=tilt	$7=error	$8=ctrl	$9=ctrl_i_accu
197201	0.6362939	1	0	-1.841435	0.06315563	-77.156	0.0	0.0	0.0
197220	0.7248913	1	0	-2.956273	0.7102874	-148.5069	-58.41717	-0.2039144	-0.2039144
197240	0.8015472	1	0	-3.111605	0.6161695	-150.9824	-49.85468	-0.3779401	-0.3779401
197260	0.8715915	1	0	-2.677586	0.7173027	-137.5099	-29.78729	-0.4819173	-0.4819173
197275	0.9281622	1	0	-1.734057	-0.2123208	-61.64874	37.72214	-0.3502422	-0.3502422
197295	0.9676503	1	0	-1.32155	-0.4844014	-33.91795	53.58833	-0.1631836	-0.1631836
197383	0.9444071	3	1	-1.692436	0.2695987	-79.48329	6.568661	-0.1631836	-0.1631836
197415	0.8518856	3	1	-2.159098	0.7464264	-117.6974	-25.90909	-0.1631836	-0.1631836
197435	0.7821949	3	1	-1.584873	0.3422638	-78.07048	11.23119	-0.1631836	-0.1631836
197455	0.6946223	3	1	-1.824648	0.05256367	-76.04743	10.85165	-0.1631836	-0.1631836
197475	0.6086065	3	1	-1.557786	0.3073424	-75.55872	9.284706	-0.1631836	-0.1631836
197494	0.5142571	3	1	-1.562862	0.6473318	-89.53733	-3.843047	-0.1631836	-0.1631836
197523	0.3821009	3	1	-2.001054	1.146298	-127.497	-34.22517	-0.1631836	-0.1631836
197543	0.2923216	3	1	-2.603363	1.680319	-173.5148	-65.69737	-0.1631836	-0.1631836
197562	0.209981	3	1	-1.840093	1.298419	-127.1421	-15.82168	-0.1631836	-0.1631836
197583	0.138127	3	1	-3.008868	0.6891823	-149.7807	-31.48865	-0.1631836	-0.1631836
197603	0.07935757	3	1	-2.484159	-0.3406035	-86.83629	25.75379	-0.1631836	-0.1631836
197623	0.0340642	3	1	-2.989275	-1.24952	-70.50853	34.45345	-0.1631836	-0.1631836
197643	0.008151531	3	1	-2.250556	-0.1510311	-85.05192	16.30098	-0.1631836	-0.1631836
197674	0	0	1	-2.022107	0.8841452	0.0	0.0	-0.1631836	-0.1631836
197693	0	0	1	-0.6422722	0.6840717	0.0	0.0	-0.1631836	-0.1631836
197710	0	0	1	-1.637129	1.178259	0.0	0.0	-0.1631836	-0.1631836
197730	0	0	1	-2.358426	0.9535308	0.0	0.0	-0.1631836	-0.1631836
197743	0	0	1	-1.801242	1.31275	0.0	0.0	-0.1631836	-0.1631836
197763	0	0	1	-1.025055	1.259938	0.0	0.0	-0.1631836	-0.1631836
197781	0	0	1	-0.2402152	1.395618	0.0	0.0	-0.1631836	-0.1631836
197802	0	0	1	-1.260677	1.514531	0.0	0.0	-0.1631836	-0.1631836
197820	0	0	1	-2.540511	0.9532907	0.0	0.0	-0.1631836	-0.1631836
197835	0	0	1	-2.570212	0.1992798	0.0	0.0	-0.1631836	-0.1631836
197853	0	0	1	-2.555902	1.512477	0.0	0.0	-0.1631836	-0.1631836
197871	0	0	1	-1.699018	1.328133	0.0	0.0	-0.1631836	-0.1631836
197890	0	0	1	-1.888203	-0.1808986	0.0	0.0	-0.1631836	-0.1631836
197904	0	0	1	-1.741725	0.4524926	0.0	0.0	-0.1631836	-0.1631836
197934	0	0	1	-2.385122	1.979112	0.0	0.0	-0.1631836	-0.1631836
197953	0	0	1	-2.245359	0.4385023	0.0	0.0	-0.1631836	-0.1631836
197971	0	0	1	-1.284196	0.6678646	0.0	0.0	-0.1631836	-0.1631836
197991	0	0	1	-0.5244793	0.6052796	0.0	0.0	-0.1631836	-0.1631836
198004	0.0003620684	1	0	-0.2948256	-0.05768175	0.0	0.0	-0.1631836	-0.1631836
198030	0.01193282	1	0	-0.4332238	-0.3633331	-2.832179	80.66195	0.1183797	0.1183797
198051	0.04323954	1	0	-1.204477	0.8053267	-81.42241	1.696175	0.1243004	0.1243004
198071	0.08995682	1	0	-0.2715063	0.6918163	-39.02847	36.09794	0.250306	0.250306
198095	0.1798059	1	0	-1.011739	0.1858574	-48.51817	21.78498	0.3263499	0.3263499
198115	0.2582874	1	0	-1.369265	1.303386	-108.2754	-31.08908	0.2178286	0.2178286
198140	0.3500055	1	0	-1.259043	0.547525	-73.18816	3.27345	0.2292551	0.2292551
198161	0.4430037	1	0	-1.265005	0.5001474	-71.51044	4.053669	0.2434051	0.2434051
198189	0.5427684	1	0	-1.248047	0.1974756	-58.56171	13.92039	0.2919964	0.2919964
198213	0.7120215	1	0	-2.185709	0.3693187	-103.4998	-25.39512	0.2033507	0.2033507
198234	0.7939034	1	0	-1.769071	0.2565486	-82.05843	-3.237093	0.1920511	0.1920511
198254	0.8683671	1	0	-0.8774227	0.1136065	-40.15015	31.6613	0.3025699	0.3025699
198274	0.9257051	1	0	-1.584804	0.5400556	-86.08006	-11.68215	0.2617915	0.2617915
198294	0.9676503	1	0	-2.84086	0.910962	-151.9624	-63.50445	0.04011909	0.04011909
198315	0.9926741	1	0	-1.593088	1.111477	-109.5654	-17.28132	-0.02020409	-0.02020409
198335	0.9997971	3	1	-0.4857704	0.6924468	-47.73439	36.47421	-0.02020409	-0.02020409
198360	0.9880653	3	1	-0.5528409	1.109227	-67.33714	13.81318	-0.02020409	-0.02020409
198434	0.786139	3	1	-0.7730917	1.33004	-85.20579	-3.320333	-0.02020409	-0.02020409
198454	0.6990289	3	1	-1.16536	1.268879	-98.61831	-13.69971	-0.02020409	-0.02020409
198492	0.5475252	3	1	-1.237258	0.9028481	-86.70122	-1.459475	-0.02020409	-0.02020409
198512	0.4288686	3	1	-1.274306	1.037	-93.63631	-6.872898	-0.02020409	-0.02020409
198533	0.3364716	3	1	-0.7306909	0.625879	-54.95931	26.039	-0.02020409	-0.02020409
198553	0.2459102	3	1	-0.55247	0.500532	-42.66147	31.38755	-0.02020409	-0.02020409
198574	0.1689903	3	1	0.1692052	0.3658304	-7.966295	54.10395	-0.02020409	-0.02020409
198594	0.1011739	3	1	-0.002476691	0.5753812	-23.41192	31.65077	-0.02020409	-0.02020409
198615	0.05130184	3	1	0.3098683	0.3276999	-0.7225794	44.48992	-0.02020409	-0.02020409
198640	0.01643193	3	1	-0.5554066	-0.4954422	-2.430017	35.02733	-0.02020409	-0.02020409
198655	0.0008135736	3	1	-1.087565	0.3957759	0.0	0.0	-0.02020409	-0.02020409
198674	0	0	1	-0.5810689	-0.2066705	0.0	0.0	-0.02020409	-0.02020409
198700	0	0	1	-0.3628138	-0.09974623	0.0	0.0	-0.02020409	-0.02020409
198715	0	0	1	-0.08670815	-0.7334929	0.0	0.0	-0.02020409	-0.02020409
198751	0	0	1	-0.136	0.07907127	0.0	0.0	-0.02020409	-0.02020409
198765	0	0	1	-0.8118959	0.1780447	0.0	0.0	-0.02020409	-0.02020409
198784	0	0	1	-0.4379045	0.1389567	0.0	0.0	-0.02020409	-0.02020409
198802	0	0	1	-0.38814	0.3465638	0.0	0.0	-0.02020409	-0.02020409
198821	0	0	1	-0.8446175	0.4490795	0.0	0.0	-0.02020409	-0.02020409
198840	0	0	1	0.2436433	-0.3195389	0.0	0.0	-0.02020409	-0.02020409
198855	0	0	1	0.1572666	0.3514935	0.0	0.0	-0.02020409	-0.02020409
198873	0	0	1	-0.7151875	-0.127887	0.0	0.0	-0.02020409	-0.02020409
198892	0	0	1	-0.7506383	1.139878	0.0	0.0	-0.02020409	-0.02020409
198911	0	0	1	-0.1131047	0.4043541	0.0	0.0	-0.02020409	-0.02020409
198925	0	0	1	0.375279	0.9167608	0.0	0.0	-0.02020409	-0.02020409
198944	0	0	1	-0.6413097	0.4968359	0.0	0.0	-0.02020409	-0.02020409
198963	0	0	1	-0.7746458	0.2815525	0.0	0.0	-0.02020409	-0.02020409
198982	0	0	1	0.2877229	-0.5542255	0.0	0.0	-0.02020409	-0.02020409
199023	0.009039492	1	0	-0.7535636	0.0424427	-32.24898	4.264247	-0.005319061	-0.005319061
199044	0.03760684	1	0	-0.5822175	-0.2836832	-12.09544	19.99159	0.06446476	0.06446476
199065	0.08458668	1	0	-0.1226915	-0.3903323	10.84262	35.14783	0.1871538	0.1871538
199085	0.1481083	1	0	-0.3715041	-0.1022289	-10.90994	10.96712	0.2254363	0.2254363
199105	0.2217078	1	0	-0.8037587	-0.5542864	-10.10868	9.635134	0.2590693	0.2590693
199130	0.3053697	1	0	0.2592539	-1.072429	53.95128	60.33644	0.4696832	0.4696832
199150	0.3960691	1	0	0.4067394	-1.035362	58.42533	53.06234	0.6549057	0.6549057
199170	0.4904538	1	0	0.1310382	-0.5003517	25.5801	16.55237	0.7126843	0.7126843
199191	0.5899743	1	0	0.5842144	-0.7024543	52.12756	35.28716	0.8358598	0.8358598
199211	0.6813807	1	0	0.3301631	-0.7604024	44.18313	22.38633	0.9140028	0.9140028
199231	0.7663	1	0	0.2569794	-0.7734869	41.74786	16.33455	0.9710212	0.9710212
199251	0.8415904	1	0	-0.1016885	-0.1987522	3.932003	-17.5874	0.9096295	0.9096295
199292	0.9641721	1	0	0.1912823	0.4888359	-12.05479	-27.48823	0.8136775	0.8136775
199313	0.9918469	1	0	0.5836895	-0.2257672	32.79409	14.21369	0.8632926	0.8632926
199333	0.9999776	3	1	-0.01291813	0.01667142	-1.199053	-16.19404	0.8632926	0.8632926
199354	0.9900433	3	1	-0.8050778	1.006247	-73.38355	-72.35823	0.8632926	0.8632926
199374	0.960573	3	1	-0.07535848	0.1459845	-8.967328	-6.502364	0.8632926	0.8632926
199394	0.9154085	3	1	-0.3773713	-0.08294312	-11.9289	-7.748414	0.8632926	0.8632926
199415	0.8552238	3	1	0.2955972	-0.02022939	12.79529	13.89859	0.8632926	0.8632926
199440	0.778285	3	1	-0.113766	-0.003841695	-4.453502	-2.742915	0.8632926	0.8632926
199461	0.6902649	3	1	-0.100282	0.07708177	-7.186015	-4.482902	0.8632926	0.8632926
199482	0.5945971	3	1	-0.7052128	-0.01840253	-27.82521	-20.56823	0.8632926	0.8632926
199502	0.4762091	3	1	0.4163335	-0.009484141	17.25142	20.06578	0.8632926	0.8632926
199523	0.3821009	3	1	0.4687286	-0.09539	22.85458	21.01595	0.8632926	0.8632926
199561	0.2336928	3	1	-0.1163679	-0.9671053	34.46524	26.71241	0.8632926	0.8632926
199631	0.02908918	3	1	0.3392178	-0.09793942	17.71084	8.152932	0.8632926	0.8632926
199651	0.002266794	3	1	0.4340311	0.4264607	0.0	0.0	0.8632926	0.8632926
199665	0	0	1	0.4697567	-0.2871186	0.0	0.0	0.8632926	0.8632926
199684	0	0	1	1.51425	-0.606854	0.0	0.0	0.8632926	0.8632926
199702	0	0	1	0.1984036	-0.5728907	0.0	0.0	0.8632926	0.8632926
199722	0	0	1	-0.3853151	0.03659832	0.0	0.0	0.8632926	0.8632926
199740	0	0	1	-1.339626	-0.9685168	0.0	0.0	0.8632926	0.8632926
199760	0	0	1	-0.779092	-0.5410643	0.0	0.0	0.8632926	0.8632926
199773	0	0	1	0.2881693	-0.8225766	0.0	0.0	0.8632926	0.8632926
199792	0	0	1	0.3291818	-1.113173	0.0	0.0	0.8632926	0.8632926
199811	0	0	1	-0.1611771	-0.01423672	0.0	0.0	0.8632926	0.8632926
199842	0	0	1	-0.1213794	0.5311712	0.0	0.0	0.8632926	0.8632926
199861	0	0	1	0.2341229	0.5405669	0.0	0.0	0.8632926	0.8632926
199875	0	0	1	0.9346236	0.6165726	0.0	0.0	0.8632926	0.8632926
199894	0	0	1	1.62262	-0.5055669	0.0	0.0	0.8632926	0.8632926
199912	0	0	1	0.2822928	0.1139892	0.0	0.0	0.8632926	0.8632926
199934	0	0	1	-0.01447197	0.7614376	0.0	0.0	0.8632926	0.8632926
199953	0	0	1	-0.2038402	0.5099954	0.0	0.0	0.8632926	0.8632926
199972	0	0	1	-0.08178224	0.4622311	0.0	0.0	0.8632926	0.8632926
199990	0	0	1	0.08295065	-0.02041016	0.0	0.0	0.8632926	0.8632926
200010	0.0005674362	1	0	-0.269619	-0.6202204	0.0	0.0	0.8632926	0.8632926
200030	0.01299629	1	0	0.8273725	-0.0534075	35.68309	21.38949	0.937956	0.937956
200051	0.04323954	1	0	-0.1918542	0.4951502	-27.83351	-34.49076	0.8175606	0.8175606
200071	0.08995682	1	0	-0.002246045	0.2057898	-8.428782	-12.3514	0.774446	0.774446
200105	0.1549836	1	0	0.765633	0.8571241	-3.703383	-6.243643	0.7526516	0.7526516
200125	0.3053697	1	0	0.2952121	0.8196836	-21.24724	-19.47556	0.684669	0.684669
200150	0.3960691	1	0	-0.3452649	1.160492	-61.00441	-48.49566	0.5153872	0.5153872
200170	0.4904538	1	0	0.9934335	0.6500676	13.91391	21.63305	0.5909009	0.5909009
200190	0.5852547	1	0	0.9327056	0.6871037	9.953061	14.46877	0.6414063	0.6414063
200211	0.6813807	1	0	-0.09653255	1.621426	-69.59843	-53.28522	0.4554058	0.4554058
200234	0.7977097	1	0	0.06767785	1.923218	-75.16792	-48.18617	0.2872044	0.2872044
200255	0.8683671	1	0	0.7228337	1.939155	-49.25954	-18.23951	0.2235365	0.2235365
200280	0.9281622	1	0	1.012938	1.832855	-33.19669	-1.782092	0.2173158	0.2173158
200300	0.9709323	1	0	1.87534	2.417496	-21.89726	7.792136	0.2445155	0.2445155
200321	0.9942075	1	0	2.001526	1.93805	2.617984	26.45105	0.336847	0.336847
200341	0.9996376	3	1	1.068972	1.114287	-1.827649	18.01651	0.336847	0.336847
200374	0.9623899	3	1	0.2058864	1.723875	-61.49312	-34.09929	0.336847	0.336847
200394	0.9154085	3	1	0.6801079	2.073455	-56.42982	-23.77266	0.336847	0.336847
200414	0.8552238	3	1	0.08993324	1.367716	-51.76518	-15.64432	0.336847	0.336847
200435	0.7821949	3	1	0.4283266	1.487948	-42.92244	-5.56866	0.336847	0.336847
200460	0.6946223	3	1	0.6753972	1.125276	-18.22098	15.66461	0.336847	0.336847
200480	0.5992999	3	1	0.2925596	1.502886	-49.02961	-12.39888	0.336847	0.336847
200501	0.5047443	3	1	0.2858634	1.726826	-58.37112	-17.79953	0.336847	0.336847
200524	0.3728763	3	1	1.140766	1.705561	-22.86201	14.49938	0.336847	0.336847
200545	0.2836391	3	1	0.3938368	1.532767	-46.13623	-7.184232	0.336847	0.336847
200565	0.2022834	3	1	0.438816	1.896612	-59.04868	-16.45377	0.336847	0.336847
200585	0.1284513	3	1	0.2800212	2.179649	-76.94705	-28.12515	0.336847	0.336847
200610	0.07183331	3	1	1.191052	1.131063	2.439634	41.96939	0.336847	0.336847
200644	0.008151531	3	1	0.4170417	0.458517	-1.680336	30.98849	0.336847	0.336847
200662	0	0	1	-0.7352474	1.215709	0.0	0.0	0.336847	0.336847
200682	0	0	1	-0.3047507	1.160757	0.0	0.0	0.336847	0.336847
200700	0	0	1	-1.321884	1.324033	0.0	0.0	0.336847	0.336847
200715	0	0	1	-1.681172	0.8184543	0.0	0.0	0.336847	0.336847
200733	0	0	1	0.03106984	1.344397	0.0	0.0	0.336847	0.336847
200752	0	0	1	1.677369	1.645815	0.0	0.0	0.336847	0.336847
200770	0	0	1	1.537016	2.666106	0.0	0.0	0.336847	0.336847
200785	0	0	1	0.6960122	2.530319	0.0	0.0	0.336847	0.336847
200803	0	0	1	0.3036539	2.295603	0.0	0.0	0.336847	0.336847
200881	0	0	1	1.349314	0.6007132	0.0	0.0	0.336847	0.336847
200900	0	0	1	0.1362601	0.7605103	0.0	0.0	0.336847	0.336847
200931	0	0	1	-0.5314097	0.4009542	0.0	0.0	0.336847	0.336847
200944	0	0	1	-1.250294	0.1898614	0.0	0.0	0.336847	0.336847
200964	0	0	1	-0.1863203	0.4299622	0.0	0.0	0.336847	0.336847
200982	0	0	1	0.3658386	1.200898	0.0	0.0	0.336847	0.336847
201001	0.0	1	0	-0.6457776	0.8031243	0.0	0.0	0.336847	0.336847
201014	0.004439086	1	0	-0.8423948	-0.1303931	0.0	0.0	0.336847	0.336847
201041	0.02595901	1	0	-1.486585	-1.492581	0.2220631	26.92878	0.4308462	0.4308462
201061	0.06462896	1	0	-0.1849623	-1.104095	37.23579	52.3517	0.6135881	0.6135881
201082	0.1221157	1	0	0.8470431	-2.729398	144.8883	131.0004	1.070866	1.070866
201102	0.2099952	1	0	0.8971532	-1.826065	110.3265	78.95719	1.346478	1.346478
201123	0.2922714	1	0	0.6126127	-0.2889353	36.52501	4.221163	1.361213	1.361213
201143	0.3867816	1	0	0.3330986	1.352636	-41.30111	-60.26265	1.150856	1.150856
201171	0.4999681	1	0	1.701002	2.135792	-17.56703	-29.90705	1.046461	1.046461
201212	0.7077365	1	0	1.507666	0.2757325	49.90956	30.75933	1.153831	1.153831
201233	0.7900118	1	0	0.1972817	0.04896098	6.008818	-10.75928	1.116274	1.116274
201253	0.8651585	1	0	-0.5185394	-1.129038	24.72987	6.518553	1.139029	1.139029
201273	0.9231711	1	0	-1.528104	-2.352288	33.33832	12.38494	1.18226	1.18226
201293	0.9659327	1	0	-1.46293	-2.701721	50.12069	23.88017	1.265618	1.265618
201313	0.9918469	1	0	-0.3277276	-2.643989	93.81423	55.32468	1.458737	1.458737
201333	0.9999776	3	1	0.6785239	-1.955385	106.7074	55.85209	1.458737	1.458737
201354	0.9890689	3	1	1.645069	-1.361246	121.7894	58.07587	1.458737	1.458737
201374	0.960573	3	1	2.50774	-1.661536	168.8834	86.1058	1.458737	1.458737
201395	0.9154085	3	1	2.490737	-1.115074	146.0572	51.80898	1.458737	1.458737
201415	0.8552238	3	1	2.637264	-0.4565532	125.3166	25.43663	1.458737	1.458737
201448	0.778285	3	1	1.371321	-0.7823009	87.24676	-10.34319	1.458737	1.458737
201473	0.6178739	3	1	-0.6291242	-0.681972	2.138887	-78.14872	1.458737	1.458737
201501	0.5047443	3	1	-1.259843	0.1442641	-56.88356	-112.3063	1.458737	1.458737
201522	0.4053773	3	1	-2.392975	0.924759	-134.391	-155.4063	1.458737	1.458737
201543	0.2923216	3	1	-2.719878	1.262935	-161.3223	-149.2854	1.458737	1.458737
201563	0.2060895	3	1	-2.950918	1.641325	-186.001	-142.4298	1.458737	1.458737
201584	0.1348853	3	1	-3.025872	2.055905	-205.8284	-132.845	1.458737	1.458737
201604	0.07429049	3	1	-2.626219	2.634493	-213.0966	-114.715	1.458737	1.458737
201625	0.0323723	3	1	-2.148209	2.671483	-195.2459	-79.30573	1.458737	1.458737
201650	0.006529629	3	1	-0.877269	1.041503	-77.73608	31.27888	1.458737	1.458737
201664	0	0	1	-1.392925	0.7531271	0.0	0.0	1.458737	1.458737
201684	0	0	1	-0.5718268	-1.135366	0.0	0.0	1.458737	1.458737
201702	0	0	1	0.1668917	-2.241614	0.0	0.0	1.458737	1.458737
201732	0	0	1	1.151991	-4.595969	0.0	0.0	1.458737	1.458737
201751	0	0	1	1.047394	-6.141063	0.0	0.0	1.458737	1.458737
201770	0	0	1	0.8575375	-5.952268	0.0	0.0	1.458737	1.458737
201784	0	0	1	0.5969861	-5.376024	0.0	0.0	1.458737	1.458737
201811	0	0	1	-0.7129231	-4.198882	0.0	0.0	1.458737	1.458737
201824	0	0	1	-1.047551	-3.685531	0.0	0.0	1.458737	1.458737
201843	0	0	1	-1.106912	-2.236037	0.0	0.0	1.458737	1.458737
201862	0	0	1	-1.112892	-0.7068784	0.0	0.0	1.458737	1.458737
201880	0	0	1	-0.8113144	0.7216175	0.0	0.0	1.458737	1.458737
201895	0	0	1	-0.2201816	1.157806	0.0	0.0	1.458737	1.458737
201913	0	0	1	0.7884563	1.873529	0.0	0.0	1.458737	1.458737
201932	0	0	1	1.204312	0.5992386	0.0	0.0	1.458737	1.458737
201950	0	0	1	1.020452	-0.7089015	0.0	0.0	1.458737	1.458737
201964	0	0	1	1.139349	-1.391842	0.0	0.0	1.458737	1.458737
201995	0	0	1	-0.5338799	-2.714886	0.0	0.0	1.458737	1.458737
202014	0.003824532	1	0	-1.671758	-2.48101	0.0	0.0	1.458737	1.458737
202034	0.02301908	1	0	-1.084308	-2.415762	53.90145	133.3847	1.924338	1.924338
202055	0.06002927	1	0	-0.3691717	-1.264489	36.26841	94.76943	2.255145	2.255145
202080	0.1159538	1	0	0.7449522	-0.4500707	48.41413	87.53472	2.560699	2.560699
202100	0.1835023	1	0	2.04212	-0.5601371	105.414	118.3349	2.973766	2.973766
202172	0.5237823	1	0	-0.7565095	1.440116	-88.99397	-62.28335	2.756356	2.756356
202193	0.6178908	1	0	-0.004802236	0.5762758	-23.54175	2.594458	2.765412	2.765412
202213	0.7120215	1	0	-0.02723792	-0.571875	22.06555	39.46427	2.903169	2.903169
202234	0.7939034	1	0	-0.6394244	-1.18887	22.25483	32.46558	3.016495	3.016495
202254	0.8683671	1	0	0.1159406	-0.7145836	33.6478	35.90834	3.141839	3.141839
202291	0.9528111	1	0	0.7614885	-2.752659	142.3639	118.4085	3.555162	3.555162
202312	0.9858975	1	0	1.429637	-3.893924	215.6582	156.953	4.103032	4.103032
202332	1.0	3	1	1.281088	-3.204331	181.7114	100.709	4.103032	4.103032
202353	0.9900433	3	1	2.044616	-2.361005	178.4727	79.8019	4.103032	4.103032
202373	0.9623899	3	1	2.346472	-1.848396	169.9255	58.33837	4.103032	4.103032
202394	0.9180175	3	1	1.697769	-0.6809893	96.36446	-12.46325	4.103032	4.103032
202413	0.858581	3	1	0.0643952	-0.2615855	13.2062	-78.28828	4.103032	4.103032
202434	0.786139	3	1	-0.9699704	0.4842603	-58.91535	-123.1451	4.103032	4.103032
202462	0.6635038	3	1	-2.650307	1.781461	-179.5118	-199.5587	4.103032	4.103032
202483	0.5664296	3	1	-3.284204	2.612359	-238.8219	-211.9439	4.103032	4.103032
202503	0.471422	3	1	-4.153279	3.139822	-295.3282	-219.7884	4.103032	4.103032
202524	0.3775182	3	1	-4.461758	3.707839	-330.8019	-208.991	4.103032	4.103032
202561	0.2336928	3	1	-3.662704	4.276849	-321.564	-163.544	4.103032	4.103032
202582	0.138127	3	1	-1.586613	4.426766	-243.5958	-70.06353	4.103032	4.103032
202602	0.07935757	3	1	-0.4210433	4.455637	-197.5076	-19.62938	4.103032	4.103032
202623	0.0340642	3	1	1.453634	2.936987	-60.01649	96.49706	4.103032	4.103032
202644	0.008151531	3	1	1.898454	2.24802	-14.10319	116.5957	4.103032	4.103032
202662	0	0	1	1.457952	1.707882	0.0	0.0	4.103032	4.103032
202682	0	0	1	2.050384	-0.0136011	0.0	0.0	4.103032	4.103032
202700	0	0	1	2.208327	-1.349105	0.0	0.0	4.103032	4.103032
202715	0	0	1	1.920377	-2.151539	0.0	0.0	4.103032	4.103032
202733	0	0	1	1.833676	-3.673221	0.0	0.0	4.103032	4.103032
202752	0	0	1	1.10045	-4.173761	0.0	0.0	4.103032	4.103032
202774	0	0	1	0.09016291	-3.415595	0.0	0.0	4.103032	4.103032
202805	0	0	1	-1.537722	-1.929064	0.0	0.0	4.103032	4.103032
202824	0	0	1	-1.864355	-0.7259007	0.0	0.0	4.103032	4.103032
202842	0	0	1	-1.107324	0.5085021	0.0	0.0	4.103032	4.103032
202861	0	0	1	0.1887053	1.253496	0.0	0.0	4.103032	4.103032
202874	0	0	1	0.8741889	1.349264	0.0	0.0	4.103032	4.103032
202894	0	0	1	1.844226	0.4111082	0.0	0.0	4.103032	4.103032
202912	0	0	1	1.397356	0.1297386	0.0	0.0	4.103032	4.103032
202930	0	0	1	0.5453569	-0.06048373	0.0	0.0	4.103032	4.103032
202950	0	0	1	-0.1391187	-0.3201543	0.0	0.0	4.103032	4.103032
202963	0	0	1	-1.414791	-0.8654675	0.0	0.0	4.103032	4.103032
202984	0	0	1	-1.674514	-0.6833644	0.0	0.0	4.103032	4.103032
203001	2.297759e-05	1	0	-2.403171	-1.926158	0.0	0.0	4.103032	4.103032
203023	0.009955019	1	0	-1.030498	-1.901685	35.27175	135.8853	4.577361	4.577361
203043	0.03760684	1	0	0.2984605	-1.925414	90.0938	156.138	5.122385	5.122385
203081	0.1190411	1	0	0.5548343	-0.4550499	40.91425	87.57016	5.428062	5.428062
203105	0.217798	1	0	1.019333	0.00427899	41.1232	71.86745	5.678927	5.678927
203130	0.3053697	1	0	-0.1296804	0.3323675	-18.71975	9.844832	5.713293	5.713293
203151	0.4006917	1	0	0.7050893	0.3394082	14.81616	35.51714	5.837271	5.837271
203171	0.495247	1	0	1.371947	0.4144988	38.7911	48.708	6.007294	6.007294
203191	0.5899743	1	0	2.388009	1.345113	42.27723	42.73294	6.15646	6.15646
203211	0.6813807	1	0	2.48559	0.02249569	99.77496	82.06194	6.44291	6.44291
203231	0.7703448	1	0	3.340838	0.03532932	133.8826	95.11163	6.774912	6.774912
203252	0.8450227	1	0	2.180342	-0.3508978	102.5359	52.20628	6.957147	6.957147
203272	0.9206377	1	0	0.801483	-0.7283242	61.9779	9.536808	6.990437	6.990437
203292	0.9641721	1	0	-0.5662735	-1.028776	18.73373	-27.59725	6.894104	6.894104
203313	0.9909621	1	0	-2.053893	-1.31441	-29.98114	-62.47909	6.676011	6.676011
203350	0.9961744	3	1	-3.17177	1.70509	-197.5199	-188.3227	6.676011	6.676011
203371	0.9740382	3	1	-3.573656	3.452214	-284.5538	-225.4429	6.676011	6.676011
203391	0.9330258	3	1	-4.846295	5.374339	-413.846	-290.4326	6.676011	6.676011
203464	0.6590352	3	1	-5.123773	10.48626	-631.9924	-416.3893	6.676011	6.676011
203485	0.5617475	3	1	-5.006991	10.78846	-639.4827	-347.0432	6.676011	6.676011
203505	0.4619287	3	1	-5.821956	11.49908	-701.1537	-334.6269	6.676011	6.676011
203530	0.3683161	3	1	-6.500269	10.97069	-707.1639	-278.89	6.676011	6.676011
203551	0.2751009	3	1	-6.630439	10.41646	-689.9838	-214.2699	6.676011	6.676011
203571	0.1946937	3	1	-5.262176	8.010812	-537.4229	-50.52312	6.676011	6.676011
203592	0.1221043	3	1	-3.914521	4.338601	-334.2456	124.9826	6.676011	6.676011
203612	0.055581	3	1	-1.880828	2.602965	-181.6432	227.2674	6.676011	6.676011
203650	0.005791158	3	1	-0.990769	1.687559	-108.5084	245.9485	6.676011	6.676011
203670	0	0	1	-0.3218041	-0.7865136	0.0	0.0	6.676011	6.676011
203685	0	0	1	0.100069	-1.307468	0.0	0.0	6.676011	6.676011
203703	0	0	1	0.7502401	-2.723325	0.0	0.0	6.676011	6.676011
203721	0	0	1	0.8128305	-4.25531	0.0	0.0	6.676011	6.676011
203740	0	0	1	-0.01924726	-4.012229	0.0	0.0	6.676011	6.676011
203762	0	0	1	-0.6903338	-2.936118	0.0	0.0	6.676011	6.676011
203781	0	0	1	-1.802815	-2.310681	0.0	0.0	6.676011	6.676011
203795	0	0	1	-2.306806	-1.744327	0.0	0.0	6.676011	6.676011
203814	0	0	1	-2.07409	-0.2606302	0.0	0.0	6.676011	6.676011
203832	0	0	1	-1.179724	0.8220545	0.0	0.0	6.676011	6.676011
203851	0	0	1	0.08846837	1.436264	0.0	0.0	6.676011	6.676011
203864	0	0	1	0.6337976	1.011024	0.0	0.0	6.676011	6.676011
203884	0	0	1	0.4491349	1.433262	0.0	0.0	6.676011	6.676011
203914	0	0	1	-0.7270336	0.1103866	0.0	0.0	6.676011	6.676011
203933	0	0	1	-0.2486009	-0.09868297	0.0	0.0	6.676011	6.676011
203952	0	0	1	-0.637604	-1.216718	0.0	0.0	6.676011	6.676011
203970	0	0	1	0.1597125	-2.348249	0.0	0.0	6.676011	6.676011
203985	0	0	1	0.5648276	-1.799388	0.0	0.0	6.676011	6.676011
204003	9.053946e-05	1	0	-0.151445	-1.03438	0.0	0.0	6.676011	6.676011
204024	0.01092935	1	0	-0.3300763	-1.103148	31.31746	315.8454	7.77852	7.77852
204045	0.04131055	1	0	-0.841106	0.1598411	-40.55187	199.7507	8.475781	8.475781
204074	0.1099311	1	0	-0.3307113	0.7458761	-43.61748	161.0322	9.037889	9.037889
204094	0.1798059	1	0	0.5847032	0.523737	2.471108	169.5761	9.629822	9.629822
204115	0.2582874	1	0	1.665335	-0.3822974	82.95106	204.7286	10.34446	10.34446
204135	0.3500055	1	0	2.947873	-0.7025784	147.8538	220.7555	11.11504	11.11504
204173	0.4430037	1	0	2.493438	-0.7520549	131.4622	167.319	11.6991	11.6991
204193	0.6224733	1	0	1.752294	-0.8457659	105.2483	115.5271	12.10236	12.10236
204214	0.7120215	1	0	2.318097	-1.263092	145.0649	127.1847	12.54632	12.54632
204234	0.7977097	1	0	2.389296	-1.885234	173.1511	127.125	12.99007	12.99007
204255	0.8683671	1	0	1.172558	-2.1824	135.9192	73.5983	13.24698	13.24698
204275	0.9281622	1	0	0.3462618	-2.69587	123.2358	49.87291	13.42107	13.42107
204300	0.9693001	1	0	-0.9071302	-3.140724	90.42558	13.96972	13.46983	13.46983
204321	0.9942075	1	0	-1.444447	-3.433229	80.46116	3.279256	13.48128	13.48128
204341	0.9996376	3	1	-0.9988833	-2.061105	43.00768	-27.97949	13.48128	13.48128
204361	0.9870018	3	1	-2.984969	-0.3258786	-107.7137	-146.3079	13.48128	13.48128
204390	0.9377041	3	1	-4.167815	1.849498	-243.65	-231.082	13.48128	13.48128
204411	0.8809533	3	1	-5.086806	3.253267	-337.626	-266.135	13.48128	13.48128
204444	0.7458902	3	1	-6.134162	5.71597	-479.6213	-334.1489	13.48128	13.48128
204465	0.6544831	3	1	-5.634426	6.803644	-503.5473	-293.1669	13.48128	13.48128
204490	0.5569877	3	1	-4.78116	7.752567	-507.5423	-243.2955	13.48128	13.48128
204511	0.4572229	3	1	-4.575374	8.192166	-517.0211	-206.9541	13.48128	13.48128
204531	0.3636978	3	1	-3.855154	8.212149	-488.6945	-146.2478	13.48128	13.48128
204552	0.2708946	3	1	-2.521673	4.954237	-302.8329	32.43299	13.48128	13.48128
204572	0.1725433	3	1	-1.000082	2.804457	-154.1297	148.3017	13.48128	13.48128
204593	0.104039	3	1	-0.7349932	1.723663	-99.60886	166.0571	13.48128	13.48128
204613	0.0534375	3	1	0.5027397	-0.2060075	28.71346	241.0175	13.48128	13.48128
204634	0.01893851	3	1	0.4266129	-1.503658	78.20162	237.8459	13.48128	13.48128
204653	0.001451999	3	1	-0.01967809	-3.432998	0.0	0.0	13.48128	13.48128
204742	0	0	1	0.0501035	-7.019544	0.0	0.0	13.48128	13.48128
204761	0	0	1	-0.3820292	-5.825554	0.0	0.0	13.48128	13.48128
204775	0	0	1	-0.7338669	-5.320896	0.0	0.0	13.48128	13.48128
204794	0	0	1	-0.5937102	-4.000624	0.0	0.0	13.48128	13.48128
204812	0	0	1	-0.4891301	-2.549477	0.0	0.0	13.48128	13.48128
204832	0	0	1	-0.4211267	-1.270717	0.0	0.0	13.48128	13.48128
204850	0	0	1	-0.1084731	0.041543	0.0	0.0	13.48128	13.48128
204865	0	0	1	0.238565	0.6038603	0.0	0.0	13.48128	13.48128
204883	0	0	1	0.5349995	-0.2221819	0.0	0.0	13.48128	13.48128
204901	0	0	1	-0.6669995	-0.8608671	0.0	0.0	13.48128	13.48128
204920	0	0	1	-1.391036	-2.062862	0.0	0.0	13.48128	13.48128
204935	0	0	1	-0.7387259	-2.334426	0.0	0.0	13.48128	13.48128
204953	0	0	1	-0.8051881	-3.728899	0.0	0.0	13.48128	13.48128
204971	0	0	1	-1.083265	-4.033509	0.0	0.0	13.48128	13.48128
205002	9.053946e-05	1	0	-1.196362	-2.475436	0.0	0.0	13.48128	13.48128
205032	0.01894325	1	0	-0.3329907	-0.7968618	18.79144	146.0908	13.99123	13.99123
205052	0.05558893	1	0	-0.5293678	0.1724769	-28.43413	80.94402	14.27378	14.27378
205081	0.1190411	1	0	0.2249837	0.1261114	4.005878	92.83099	14.59782	14.59782
205102	0.1909251	1	0	0.005459082	-1.017474	41.44231	106.6539	14.97011	14.97011
205122	0.2922714	1	0	-1.006141	-0.3042247	-28.43807	30.10766	15.07521	15.07521
205142	0.3821177	1	0	0.4355721	-0.09097904	21.33248	65.39874	15.30349	15.30349
205162	0.4762264	1	0	0.9670109	-0.2776933	50.42669	77.36428	15.57354	15.57354
205183	0.5711229	1	0	1.011258	-0.948646	79.40199	87.06349	15.87745	15.87745
205203	0.6680427	1	0	1.980887	0.1340647	74.81647	67.52726	16.11317	16.11317
205223	0.7540824	1	0	1.635574	-1.305879	119.1618	91.59351	16.43289	16.43289
205244	0.8310033	1	0	2.286243	-1.454449	151.527	101.4889	16.78715	16.78715
205281	0.9306181	1	0	0.848246	-1.784603	106.6659	46.36287	16.94899	16.94899
205302	0.9724976	1	0	-1.787087	-0.3462973	-58.37069	-97.16183	16.60983	16.60983
205322	0.9949123	1	0	-2.701772	1.036549	-151.4199	-155.7317	16.06623	16.06623
205342	0.9977377	3	1	-3.159657	1.783914	-200.2231	-167.459	16.06623	16.06623
205371	0.9740382	3	1	-4.19297	3.268155	-302.1304	-220.5385	16.06623	16.06623
205392	0.9206284	3	1	-5.608257	5.367035	-444.291	-296.9529	16.06623	16.06623
205412	0.861855	3	1	-6.564658	6.654868	-534.9929	-317.3849	16.06623	16.06623
205433	0.786139	3	1	-6.351235	7.868015	-575.5482	-293.0567	16.06623	16.06623
205454	0.7033508	3	1	-5.5907	8.948133	-588.6307	-250.6456	16.06623	16.06623
205474	0.6086065	3	1	-4.69229	9.806767	-587.068	-203.9318	16.06623	16.06623
205495	0.5142571	3	1	-4.475773	10.35664	-600.5294	-177.9866	16.06623	16.06623
205532	0.3364716	3	1	-3.477032	6.270934	-394.8225	22.69554	16.06623	16.06623
205553	0.2459102	3	1	-2.826526	4.143156	-282.3226	110.6887	16.06623	16.06623
205574	0.1689903	3	1	-2.285514	3.267447	-224.9486	137.5981	16.06623	16.06623
205594	0.104039	3	1	-2.896036	1.703863	-186.3131	144.2879	16.06623	16.06623
205614	0.05130184	3	1	-2.713489	-0.3097459	-97.37336	190.9506	16.06623	16.06623
205635	0.01643193	3	1	-1.932393	-1.256952	-27.38327	213.6402	16.06623	16.06623
205662	0	0	1	-3.211715	-2.94537	0.0	0.0	16.06623	16.06623
205681	0	0	1	-1.966319	-3.396157	0.0	0.0	16.06623	16.06623
205694	0	0	1	-1.381234	-3.234016	0.0	0.0	16.06623	16.06623
205714	0	0	1	-1.0993	-4.830165	0.0	0.0	16.06623	16.06623
205732	0	0	1	0.2330749	-5.095717	0.0	0.0	16.06623	16.06623
205750	0	0	1	0.006123584	-3.688653	0.0	0.0	16.06623	16.06623
205764	0	0	1	-0.4433207	-3.221304	0.0	0.0	16.06623	16.06623
205795	0	0	1	-1.142384	-1.175961	0.0	0.0	16.06623	16.06623
205814	0	0	1	-0.08575424	-0.7663188	0.0	0.0	16.06623	16.06623
205832	0	0	1	-0.8337762	-0.2948418	0.0	0.0	16.06623	16.06623
205851	0	0	1	-0.0719171	-0.3509219	0.0	0.0	16.06623	16.06623
205870	0	0	1	-1.086139	-1.278677	0.0	0.0	16.06623	16.06623
205884	0	0	1	-0.5622409	-1.741556	0.0	0.0	16.06623	16.06623
205903	0	0	1	-0.7325971	-1.555946	0.0	0.0	16.06623	16.06623
205921	0	0	1	0.0228202	-2.44061	0.0	0.0	16.06623	16.06623
205940	0	0	1	0.04739682	-1.904607	0.0	0.0	16.06623	16.06623
205955	0	0	1	-0.6627853	-1.707286	0.0	0.0	16.06623	16.06623
206034	0.02301908	1	0	-1.087604	-0.7252433	-14.68414	185.311	16.71308	16.71308
206055	0.06002927	1	0	-0.2239683	-1.440172	49.26828	204.0796	17.42546	17.42546
206092	0.1725565	1	0	0.03403398	-2.193195	90.22407	200.618	18.12574	18.12574
206113	0.2541022	1	0	-0.5825953	-1.514849	37.76078	121.2988	18.54916	18.54916
206133	0.3409567	1	0	0.2210268	-1.910744	86.362	139.1024	19.03472	19.03472
206154	0.4335618	1	0	1.497994	-1.663637	128.0836	148.0462	19.55149	19.55149
206174	0.5332813	1	0	2.603336	-2.445957	204.5315	183.8002	20.19308	20.19308
206195	0.6271153	1	0	1.695467	-3.414603	207.0148	152.5161	20.72546	20.72546
206220	0.7205997	1	0	1.625565	-1.984791	146.2613	75.12884	20.98771	20.98771
206241	0.8052996	1	0	1.981926	-2.822932	194.6484	101.1262	21.34071	21.34071
206261	0.8747336	1	0	1.827923	-2.314941	167.8321	60.83982	21.55308	21.55308
206282	0.9329982	1	0	1.482473	-3.425854	198.8427	75.20076	21.81558	21.81558
206302	0.9797505	1	0	0.3579039	-3.480487	155.4778	26.06507	21.90656	21.90656
206331	0.9991859	1	0	-1.589738	-2.29402	28.48178	-82.63531	21.61811	21.61811
206364	0.9783942	3	1	-3.789486	0.4003029	-169.6741	-229.8924	21.61811	21.61811
206384	0.9399666	3	1	-4.962497	1.480571	-260.8275	-262.8501	21.61811	21.61811
206405	0.8870925	3	1	-5.536986	2.828521	-338.5925	-278.872	21.61811	21.61811
206430	0.816491	3	1	-5.458391	4.456508	-401.3598	-279.7107	21.61811	21.61811
206451	0.7333327	3	1	-5.124586	5.726153	-439.3309	-260.0958	21.61811	21.61811
206471	0.6454065	3	1	-4.328164	6.623013	-443.4994	-216.3613	21.61811	21.61811
206492	0.5475252	3	1	-3.558773	7.544117	-449.6673	-182.1915	21.61811	21.61811
206512	0.4288686	3	1	-4.455528	6.726155	-452.823	-151.7494	21.61811	21.61811
206533	0.331949	3	1	-4.522379	5.747937	-415.901	-94.01279	21.61811	21.61811
206553	0.2459102	3	1	-4.686209	3.578084	-334.6106	-10.4162	21.61811	21.61811
206574	0.1689903	3	1	-3.961233	2.446277	-259.4707	52.99131	21.61811	21.61811
206594	0.104039	3	1	-2.552791	0.996582	-143.7701	138.1132	21.61811	21.61811
206631	0.02749965	3	1	-1.254709	-1.89995	26.11296	252.166	21.61811	21.61811
206654	0.001109838	3	1	-1.235909	-3.556756	0.0	0.0	21.61811	21.61811
206673	0	0	1	-0.5343214	-4.580196	0.0	0.0	21.61811	21.61811
206692	0	0	1	-1.748427	-5.474771	0.0	0.0	21.61811	21.61811
206710	0	0	1	-1.495614	-6.813016	0.0	0.0	21.61811	21.61811
206725	0	0	1	-1.925222	-6.162262	0.0	0.0	21.61811	21.61811
206743	0	0	1	-1.223318	-4.934428	0.0	0.0	21.61811	21.61811
206762	0	0	1	-0.5812344	-3.785314	0.0	0.0	21.61811	21.61811
206780	0	0	1	-0.8753066	-2.71618	0.0	0.0	21.61811	21.61811
206794	0	0	1	-0.5841424	-2.099685	0.0	0.0	21.61811	21.61811
206813	0	0	1	0.2170679	-1.25081	0.0	0.0	21.61811	21.61811
206830	0	0	1	-0.8756378	-1.383748	0.0	0.0	21.61811	21.61811
206850	0	0	1	-0.5755169	-0.20143	0.0	0.0	21.61811	21.61811
206864	0	0	1	-1.017636	-0.7926001	0.0	0.0	21.61811	21.61811
206894	0	0	1	-0.6098881	-0.4203145	0.0	0.0	21.61811	21.61811
206914	0	0	1	-0.7325857	-1.662653	0.0	0.0	21.61811	21.61811
206932	0	0	1	-0.2926157	-2.727755	0.0	0.0	21.61811	21.61811
206954	0	0	1	-0.6505055	-2.764374	0.0	0.0	21.61811	21.61811
206973	0	0	1	-1.478379	-3.032407	0.0	0.0	21.61811	21.61811
206991	0	0	1	-1.191138	-1.776829	0.0	0.0	21.61811	21.61811
207011	0.002739847	1	0	-0.8774551	-2.10596	0.0	0.0	21.61811	21.61811
207032	0.01408738	1	0	-1.134395	-1.479565	13.96899	196.5135	22.30407	22.30407
207052	0.05558893	1	0	-1.479232	-1.639007	6.448573	154.7344	22.8442	22.8442
207073	0.1099311	1	0	-0.7470343	-1.95773	49.03092	161.5493	23.40811	23.40811
207093	0.1761942	1	0	-0.8129874	-1.868212	42.73272	127.1089	23.8518	23.8518
207113	0.2541022	1	0	-0.4772451	-0.825678	14.11412	80.637	24.13328	24.13328
207150	0.4006917	1	0	1.67567	-1.348088	122.4958	154.7554	24.67348	24.67348
207171	0.495247	1	0	2.595098	-1.485111	165.2718	161.725	25.238	25.238
207192	0.5946141	1	0	1.478079	-0.7253718	89.265	70.18016	25.48298	25.48298
207212	0.6858394	1	0	1.916639	-1.895457	154.4292	110.8106	25.86978	25.86978
207232	0.7900118	1	0	1.233698	-2.614049	155.8817	91.91329	26.19062	26.19062
207253	0.8651585	1	0	0.8956978	-3.026565	158.8958	77.71992	26.46191	26.46191
207330	0.9988895	1	0	-4.26019	-1.48905	-112.3071	-158.4104	25.90895	25.90895
207351	0.9955694	3	1	-5.482416	-0.7614378	-191.178	-194.2695	25.90895	25.90895
207371	0.9740382	3	1	-5.673877	0.6603457	-256.3797	-212.4371	25.90895	25.90895
207392	0.9330258	3	1	-4.772763	2.143943	-280.0194	-193.2833	25.90895	25.90895
207412	0.861855	3	1	-4.77707	4.070769	-358.2389	-222.2878	25.90895	25.90895
207451	0.7333327	3	1	-5.007475	6.043464	-447.4602	-255.042	25.90895	25.90895
207471	0.6454065	3	1	-3.814762	5.916389	-394.1262	-165.1445	25.90895	25.90895
207492	0.5475252	3	1	-3.746954	6.788983	-426.7183	-161.8931	25.90895	25.90895
207513	0.4288686	3	1	-4.550256	6.815963	-460.2878	-160.0313	25.90895	25.90895
207533	0.331949	3	1	-5.0182	5.807477	-438.3329	-113.0473	25.90895	25.90895
207554	0.2459102	3	1	-3.750125	3.529351	-294.8137	24.94827	25.90895	25.90895
207574	0.1654127	3	1	-2.957226	2.385957	-216.4219	84.60768	25.90895	25.90895
207595	0.1011739	3	1	-2.769594	0.7729179	-143.4869	128.9851	25.90895	25.90895
207623	0.0340642	3	1	-1.063315	-1.399188	13.59481	234.2117	25.90895	25.90895
207644	0.007324457	3	1	-1.674486	-3.07188	56.51375	226.8954	25.90895	25.90895
207663	0	0	1	-1.08352	-4.638326	0.0	0.0	25.90895	25.90895
207690	0	0	1	-0.2794529	-6.525394	0.0	0.0	25.90895	25.90895
207721	0	0	1	-0.5971558	-7.124321	0.0	0.0	25.90895	25.90895
207734	0	0	1	-0.7726631	-6.476109	0.0	0.0	25.90895	25.90895
207754	0	0	1	-0.5623383	-5.081763	0.0	0.0	25.90895	25.90895
207772	0	0	1	-0.7973073	-3.786021	0.0	0.0	25.90895	25.90895
207791	0	0	1	-0.8794882	-2.478111	0.0	0.0	25.90895	25.90895
207804	0	0	1	-0.5736352	-1.88056	0.0	0.0	25.90895	25.90895
207824	0	0	1	-0.5017775	-0.6476787	0.0	0.0	25.90895	25.90895
207842	0	0	1	-0.7328506	0.6751995	0.0	0.0	25.90895	25.90895
207861	0	0	1	-0.8437591	-0.5343469	0.0	0.0	25.90895	25.90895
207874	0	0	1	-0.8222506	-1.258334	0.0	0.0	25.90895	25.90895
207894	0	0	1	-0.179548	-1.482885	0.0	0.0	25.90895	25.90895
207912	0	0	1	-0.6117682	-2.814707	0.0	0.0	25.90895	25.90895
207934	0	0	1	-0.8768643	-3.428227	0.0	0.0	25.90895	25.90895
207952	0	0	1	-1.588961	-3.667342	0.0	0.0	25.90895	25.90895
207983	0	0	1	-0.8911558	-2.408424	0.0	0.0	25.90895	25.90895
208002	2.297759e-05	1	0	-1.095201	-2.24627	0.0	0.0	25.90895	25.90895
208023	0.009955019	1	0	-0.6123028	-0.997766	15.61305	152.2795	26.44051	26.44051
208043	0.03760684	1	0	-0.3089726	-1.163658	34.62349	140.2404	26.93004	26.93004
208064	0.08197782	1	0	-0.404889	-2.253826	74.88903	147.7858	27.44591	27.44591
208084	0.1447701	1	0	-0.989792	-2.835675	74.72904	120.8658	27.86781	27.86781
208105	0.217798	1	0	-0.243099	-2.20434	79.44308	102.816	28.22671	28.22671
208125	0.3053697	1	0	-1.124717	-2.728048	64.90144	72.27298	28.47899	28.47899
208150	0.3960691	1	0	0.147479	-2.68855	114.8822	100.0929	28.82838	28.82838
208171	0.495247	1	0	1.446016	-2.956648	178.3608	133.921	29.29585	29.29585
208191	0.5899743	1	0	2.762919	-2.642415	218.9494	142.8764	29.79458	29.79458
208212	0.6858394	1	0	3.094762	-3.400481	263.0884	153.1152	30.32906	30.32906
208253	0.8651585	1	0	1.37848	-3.379754	192.7626	67.78225	30.56566	30.56566
208274	0.9257051	1	0	-0.002763452	-2.785521	112.7184	-10.03918	30.53062	30.53062
208295	0.9676503	1	0	-1.379294	-3.144534	71.42738	-42.02564	30.38392	30.38392
208315	0.9926741	1	0	-1.228025	-3.353094	86.00005	-22.47659	30.30546	30.30546
208335	0.9997971	3	1	-1.577109	-3.24985	67.66193	-33.41626	30.30546	30.30546
208355	0.9890689	3	1	-1.960962	-1.142789	-33.16302	-109.9074	30.30546	30.30546
208380	0.958686	3	1	-3.000887	0.6620959	-148.3604	-184.3002	30.30546	30.30546
208401	0.9100382	3	1	-3.883199	1.906726	-234.4619	-221.3862	30.30546	30.30546
208421	0.8484638	3	1	-4.743347	3.31106	-326.101	-256.2834	30.30546	30.30546
208442	0.7703302	3	1	-4.975523	5.515139	-424.7665	-290.6076	30.30546	30.30546
208462	0.6635038	3	1	-4.899205	6.923394	-478.7327	-282.1132	30.30546	30.30546
208483	0.5711776	3	1	-4.708603	7.912013	-511.066	-257.447	30.30546	30.30546
208521	0.4100172	3	1	-4.52529	8.330216	-520.5837	-218.5722	30.30546	30.30546
208541	0.3186114	3	1	-3.402953	6.318741	-393.7603	-75.11757	30.30546	30.30546
208612	0.0669975	3	1	-0.02826713	-0.5880908	22.6806	279.4519	30.30546	30.30546
208633	0.01893851	3	1	0.9053037	-1.871035	112.4785	302.3162	30.30546	30.30546
208652	0.001833737	3	1	0.3011594	-3.362082	0.0	0.0	30.30546	30.30546
208671	0	0	1	-0.6938116	-4.666325	0.0	0.0	30.30546	30.30546
208685	0	0	1	-1.624753	-4.916125	0.0	0.0	30.30546	30.30546
208704	0	0	1	-2.423241	-6.038733	0.0	0.0	30.30546	30.30546
208722	0	0	1	-0.9412299	-5.387206	0.0	0.0	30.30546	30.30546
208741	0	0	1	0.06591667	-4.488418	0.0	0.0	30.30546	30.30546
208755	0	0	1	0.765151	-4.670278	0.0	0.0	30.30546	30.30546
208774	0	0	1	1.906065	-4.365157	0.0	0.0	30.30546	30.30546
208804	0	0	1	0.6995207	-2.923869	0.0	0.0	30.30546	30.30546
208824	0	0	1	-0.7188151	-2.860897	0.0	0.0	30.30546	30.30546
208842	0	0	1	-2.023725	-2.532232	0.0	0.0	30.30546	30.30546
208861	0	0	1	-1.1043	-3.458052	0.0	0.0	30.30546	30.30546
208875	0	0	1	-0.4251183	-3.648634	0.0	0.0	30.30546	30.30546
208893	0	0	1	-0.1451907	-2.372457	0.0	0.0	30.30546	30.30546
208920	0	0	1	-0.7810312	-2.420996	0.0	0.0	30.30546	30.30546
208934	0	0	1	-1.898174	-2.072568	0.0	0.0	30.30546	30.30546
208953	0	0	1	-1.090994	-1.446733	0.0	0.0	30.30546	30.30546
208971	0	0	1	-0.3836193	-2.201275	0.0	0.0	30.30546	30.30546
208985	0	0	1	-0.001255955	-1.636805	0.0	0.0	30.30546	30.30546
209004	0.0003620684	1	0	-1.278004	-1.346726	0.0	0.0	30.30546	30.30546
209024	0.01092935	1	0	-1.706352	-1.429978	-11.21812	146.2413	30.81594	30.81594
209057	0.04131055	1	0	-1.23531	-2.76627	61.96347	179.6483	31.44303	31.44303
209083	0.138139	1	0	-1.258124	-3.13828	76.08984	158.6493	31.99682	31.99682
209103	0.2138539	1	0	-1.530089	-1.969118	17.75019	82.12658	32.2835	32.2835
209123	0.2966412	1	0	-0.8408713	-3.060205	89.85425	126.2734	32.72427	32.72427
209144	0.3867816	1	0	0.1250919	-2.175845	93.21186	106.1329	33.09475	33.09475
209164	0.4857342	1	0	1.122886	-3.011941	167.5094	147.724	33.6104	33.6104
209185	0.5805992	1	0	2.167266	-3.050019	211.3529	156.8422	34.15788	34.15788
209213	0.7120215	1	0	3.554065	-3.603368	289.8854	192.7085	34.83056	34.83056
209234	0.7977097	1	0	2.430318	-3.995506	260.3034	133.5567	35.29676	35.29676
209255	0.8683671	1	0	0.7769682	-2.776676	143.9638	14.0961	35.34597	35.34597
209275	0.9281622	1	0	-0.6666623	-1.887773	49.45538	-65.83601	35.11616	35.11616
209300	0.9693001	1	0	-2.186767	-1.999683	-7.633201	-100.6421	34.76485	34.76485
209332	1.0	3	1	-4.779249	-1.453763	-134.7538	-186.4764	34.76485	34.76485
209353	0.9900433	3	1	-5.550258	0.03637652	-226.1586	-227.5098	34.76485	34.76485
209374	0.960573	3	1	-5.50077	1.558915	-285.7379	-235.0488	34.76485	34.76485
209395	0.9154085	3	1	-5.573569	1.970992	-305.3529	-208.5011	34.76485	34.76485
209420	0.8518856	3	1	-4.48739	2.951179	-301.1853	-167.2941	34.76485	34.76485
209441	0.7742897	3	1	-4.504632	4.411286	-361.0335	-185.9684	34.76485	34.76485
209461	0.6902649	3	1	-3.826616	5.573179	-380.7049	-168.3636	34.76485	34.76485
209482	0.5945971	3	1	-4.358409	6.671808	-446.6974	-191.8745	34.76485	34.76485
209502	0.4762091	3	1	-5.199398	6.76804	-484.5574	-188.0908	34.76485	34.76485
209531	0.3636978	3	1	-3.738016	6.409728	-411.0012	-93.77295	34.76485	34.76485
209552	0.2499875	3	1	-2.561421	3.509579	-245.9266	58.37689	34.76485	34.76485
209572	0.1725433	3	1	-3.072567	2.428046	-222.7936	66.73469	34.76485	34.76485
209610	0.07183331	3	1	-2.619625	-0.598882	-81.86654	170.019	34.76485	34.76485
209631	0.02908918	3	1	-1.721283	-0.893305	-33.55295	178.7556	34.76485	34.76485
209652	0.005086392	3	1	-1.32012	-3.217857	76.79405	236.6972	34.76485	34.76485
209671	0	0	1	-1.563577	-4.135633	0.0	0.0	34.76485	34.76485
209685	0	0	1	-1.473798	-5.122612	0.0	0.0	34.76485	34.76485
209704	0	0	1	-1.064057	-6.409524	0.0	0.0	34.76485	34.76485
209722	0	0	1	-1.38968	-5.034663	0.0	0.0	34.76485	34.76485
209741	0	0	1	-0.206547	-5.696071	0.0	0.0	34.76485	34.76485
209754	0	0	1	0.07155948	-5.011591	0.0	0.0	34.76485	34.76485
209774	0	0	1	0.328426	-3.74301	0.0	0.0	34.76485	34.76485
209792	0	0	1	-0.9120231	-3.152698	0.0	0.0	34.76485	34.76485
209811	0	0	1	-1.042113	-2.016264	0.0	0.0	34.76485	34.76485
209894	0	0	1	-0.7849524	-1.531674	0.0	0.0	34.76485	34.76485
209913	0	0	1	-1.03866	-2.892381	0.0	0.0	34.76485	34.76485
209932	0	0	1	-1.274759	-4.250553	0.0	0.0	34.76485	34.76485
209950	0	0	1	-0.09582931	-3.53226	0.0	0.0	34.76485	34.76485
209965	0	0	1	-0.7254873	-3.894858	0.0	0.0	34.76485	34.76485
209983	0	0	1	-1.760494	-3.103166	0.0	0.0	34.76485	34.76485
210010	0.001835227	1	0	-0.8023216	-2.727441	0.0	0.0	34.76485	34.76485
210030	0.01299629	1	0	-0.3128481	-2.237947	77.97649	194.7594	35.44469	35.44469
210051	0.04323954	1	0	-0.5924177	-2.121025	61.91014	146.3015	35.95538	35.95538
210072	0.09271878	1	0	-0.8311086	-1.494734	26.87401	91.09638	36.27337	36.27337
210092	0.1725565	1	0	-1.219799	-2.838795	65.52698	106.2298	36.64418	36.64418
210113	0.2500025	1	0	-0.02374718	-3.397733	136.6532	145.2068	37.15104	37.15104
210134	0.3409567	1	0	0.2630008	-4.170336	179.5511	154.0072	37.68863	37.68863
210171	0.495247	1	0	2.002968	-5.072612	286.6157	213.7475	38.43475	38.43475
210192	0.5946141	1	0	1.430449	-3.39411	195.4492	100.3608	38.78508	38.78508
210221	0.7248913	1	0	1.440047	-4.754995	250.9435	127.6034	39.2305	39.2305
210241	0.8090817	1	0	2.1269	-5.254606	299.0045	143.8218	39.73253	39.73253
210262	0.8930103	1	0	0.8167152	-5.299678	247.7066	75.75217	39.99695	39.99695
210282	0.9444151	1	0	-1.10559	-4.370157	132.0952	-32.63397	39.88304	39.88304
210303	0.9810591	1	0	-2.878776	-3.768156	35.77926	-105.5753	39.51451	39.51451
210324	0.9981655	1	0	-4.439448	-3.985775	-18.81504	-131.1358	39.05676	39.05676
210344	0.9972592	3	1	-5.896891	-3.059519	-115.2709	-186.3362	39.05676	39.05676
210364	0.9769783	3	1	-6.600513	-1.416678	-209.9576	-230.0822	39.05676	39.05676
210385	0.9377041	3	1	-7.000057	0.1445539	-289.0833	-253.158	39.05676	39.05676
210422	0.827437	3	1	-6.308486	3.399713	-392.827	-292.2064	39.05676	39.05676
210443	0.7458902	3	1	-5.479577	4.600924	-408.0645	-251.7138	39.05676	39.05676
210464	0.6590352	3	1	-4.797576	5.620763	-421.8631	-217.3831	39.05676	39.05676
210484	0.5617475	3	1	-5.204954	6.56387	-476.5111	-222.7203	39.05676	39.05676
210513	0.424127	3	1	-5.798086	5.772601	-468.3748	-175.6865	39.05676	39.05676
210534	0.3275102	3	1	-4.30272	4.400991	-352.46	-48.93697	39.05676	39.05676
210554	0.2417933	3	1	-4.142313	2.758148	-279.4236	19.73102	39.05676	39.05676
210575	0.1619195	3	1	-3.438838	1.538379	-201.5717	79.89417	39.05676	39.05676
210600	0.09830112	3	1	-2.364697	0.5222777	-116.9429	134.7	39.05676	39.05676
210621	0.04718521	3	1	-1.481485	-0.8762122	-24.52923	185.9449	39.05676	39.05676
210642	0.0141004	3	1	-2.008757	-2.761052	30.38374	197.1978	39.05676	39.05676
210661	0	0	1	-1.476593	-4.326805	0.0	0.0	39.05676	39.05676
210691	0	0	1	-0.6685336	-6.591836	0.0	0.0	39.05676	39.05676
210711	0	0	1	-1.59236	-7.270835	0.0	0.0	39.05676	39.05676
210724	0	0	1	-2.106878	-6.810681	0.0	0.0	39.05676	39.05676
210744	0	0	1	-1.155696	-5.771461	0.0	0.0	39.05676	39.05676
210762	0	0	1	-0.7373396	-4.459587	0.0	0.0	39.05676	39.05676
210781	0	0	1	-0.7669298	-3.081481	0.0	0.0	39.05676	39.05676
210795	0	0	1	-1.053615	-2.430834	0.0	0.0	39.05676	39.05676
210822	0	0	1	-0.3978107	-0.5499957	0.0	0.0	39.05676	39.05676
210840	0	0	1	-0.7985696	-0.6345646	0.0	0.0	39.05676	39.05676
210854	0	0	1	-1.501261	-0.5446686	0.0	0.0	39.05676	39.05676
210873	0	0	1	-0.9523658	-1.110498	0.0	0.0	39.05676	39.05676
210891	0	0	1	-0.9109636	-2.367213	0.0	0.0	39.05676	39.05676
210910	0	0	1	0.04918227	-3.192656	0.0	0.0	39.05676	39.05676
210924	0	0	1	-0.5930817	-3.520363	0.0	0.0	39.05676	39.05676
210955	0	0	1	-0.7981444	-3.318868	0.0	0.0	39.05676	39.05676
210974	0	0	1	-1.690663	-4.106658	0.0	0.0	39.05676	39.05676
210992	0	0	1	-1.232836	-3.021449	0.0	0.0	39.05676	39.05676
211012	0.002739847	1	0	-0.6116224	-2.234467	0.0	0.0	39.05676	39.05676
211033	0.02025187	1	0	-1.1631	-2.204197	42.14303	171.0796	39.65394	39.65394
211053	0.05777216	1	0	-0.4913363	-2.110122	65.56544	159.2448	40.20981	40.20981
211074	0.1099311	1	0	-1.641018	-2.456231	32.96632	103.6887	40.57175	40.57175
211094	0.1798059	1	0	-1.24408	-3.039968	72.68195	117.4095	40.98159	40.98159
211114	0.2582874	1	0	-0.1003293	-2.455545	95.40233	114.7287	41.38207	41.38207
211192	0.6178908	1	0	-1.908562	-2.975349	43.11434	51.1221	41.56052	41.56052
211213	0.7077365	1	0	-1.07323	-3.966737	117.0994	102.4291	41.91806	41.91806
211250	0.8415904	1	0	0.3173751	-4.875593	210.2916	160.1611	42.47713	42.47713
211271	0.9045297	1	0	0.986282	-5.168804	249.2912	163.059	43.04631	43.04631
211292	0.9548233	1	0	0.6567391	-5.434588	246.6723	131.3573	43.50484	43.50484
211312	0.9909621	1	0	-1.088045	-5.292251	170.0658	44.82616	43.66131	43.66131
211333	1.0	3	1	-2.412062	-4.922828	101.3447	-19.56352	43.66131	43.66131
211353	0.9900433	3	1	-3.518458	-5.103376	63.6425	-46.88521	43.66131	43.66131
211373	0.9623899	3	1	-5.19779	-3.420146	-72.38908	-149.7596	43.66131	43.66131
211393	0.9180175	3	1	-6.254737	-2.014859	-171.8532	-204.0472	43.66131	43.66131
211414	0.8552238	3	1	-5.989809	0.05181968	-244.5453	-226.5749	43.66131	43.66131
211435	0.7821949	3	1	-5.513312	1.629729	-289.11	-221.9903	43.66131	43.66131
211460	0.6946223	3	1	-4.59053	2.68161	-294.4325	-186.108	43.66131	43.66131
211484	0.5617475	3	1	-3.098927	3.297225	-259.0742	-123.4234	43.66131	43.66131
211522	0.4053773	3	1	-2.956993	2.356559	-215.2215	-65.14706	43.66131	43.66131
211542	0.2923216	3	1	-3.770199	1.206144	-201.5196	-42.11973	43.66131	43.66131
211563	0.2060895	3	1	-4.475748	0.04425971	-183.0298	-19.34654	43.66131	43.66131
211583	0.1348853	3	1	-4.17768	-2.089824	-84.69085	64.67355	43.66131	43.66131
211604	0.07682419	3	1	-3.647511	-3.382443	-10.99606	113.2864	43.66131	43.66131
211624	0.0323723	3	1	-4.807424	-3.75244	-43.15805	66.41905	43.66131	43.66131
211644	0.007324457	3	1	-3.514305	-4.276356	30.47729	114.6668	43.66131	43.66131
211664	0	0	1	-2.604235	-5.209561	0.0	0.0	43.66131	43.66131
211683	0	0	1	-1.932664	-5.05617	0.0	0.0	43.66131	43.66131
211701	0	0	1	-1.080777	-6.133728	0.0	0.0	43.66131	43.66131
211720	0	0	1	-1.823603	-5.188238	0.0	0.0	43.66131	43.66131
211734	0	0	1	-1.476274	-5.937326	0.0	0.0	43.66131	43.66131
211753	0	0	1	-1.034404	-5.754834	0.0	0.0	43.66131	43.66131
211784	0	0	1	-2.019681	-4.006202	0.0	0.0	43.66131	43.66131
211810	0	0	1	-1.773226	-4.19159	0.0	0.0	43.66131	43.66131
211830	0	0	1	-1.945572	-3.526901	0.0	0.0	43.66131	43.66131
211843	0	0	1	-1.075068	-4.200669	0.0	0.0	43.66131	43.66131
211863	0	0	1	-0.6397518	-3.331574	0.0	0.0	43.66131	43.66131
211880	0	0	1	-1.966928	-3.42965	0.0	0.0	43.66131	43.66131
211900	0	0	1	-2.646792	-4.082664	0.0	0.0	43.66131	43.66131
211914	0	0	1	-1.991397	-4.363614	0.0	0.0	43.66131	43.66131
211933	0	0	1	-2.20833	-4.341586	0.0	0.0	43.66131	43.66131
211955	0	0	1	-1.582781	-3.505628	0.0	0.0	43.66131	43.66131
211973	0	0	1	-2.024549	-3.525187	0.0	0.0	43.66131	43.66131
211992	0	0	1	-2.44839	-3.340553	0.0	0.0	43.66131	43.66131
212010	0.002261549	1	0	-1.808866	-4.1131	0.0	0.0	43.66131	43.66131
212039	0.01299629	1	0	-2.008522	-3.458462	58.59144	116.8992	44.06936	44.06936
212064	0.08458668	1	0	-2.277137	-3.472966	48.27731	87.26447	44.37397	44.37397
212084	0.1447701	1	0	-2.249671	-3.949087	68.62887	88.10855	44.68153	44.68153
212105	0.217798	1	0	-1.667231	-3.958194	92.64272	91.79807	45.00196	45.00196
212133	0.336488	1	0	-0.5669465	-4.811007	171.785	139.9541	45.4905	45.4905
212154	0.4335618	1	0	0.550911	-5.269341	235.6946	166.9095	46.07312	46.07312
212174	0.5332813	1	0	1.702374	-5.830565	305.1086	193.4853	46.74851	46.74851
212195	0.6271153	1	0	2.113818	-7.110789	373.5797	214.4717	47.49716	47.49716
212220	0.7205997	1	0	2.955095	-7.08433	406.6141	202.641	48.20451	48.20451
212241	0.8052996	1	0	2.231461	-7.171158	380.7923	144.7673	48.70984	48.70984
212261	0.8747336	1	0	1.137361	-5.668168	275.6223	32.41946	48.82301	48.82301
212281	0.9329982	1	0	-1.527203	-4.929797	137.5838	-86.47351	48.52116	48.52116
212315	0.9926741	1	0	-4.093316	-3.276877	-33.3475	-210.7453	47.78552	47.78552
212340	0.9997971	3	1	-5.501506	-2.043296	-140.2057	-260.0318	47.78552	47.78552
212361	0.9870018	3	1	-5.609849	-0.3867327	-211.4692	-271.2416	47.78552	47.78552
212381	0.9567864	3	1	-5.04254	1.089358	-248.2285	-252.1698	47.78552	47.78552
212402	0.9072762	3	1	-4.312466	3.138393	-301.7025	-250.24	47.78552	47.78552
212480	0.6039224	3	1	-3.971688	0.03826519	-162.3937	-90.82279	47.78552	47.78552
212501	0.5047443	3	1	-5.326728	-0.4849352	-196.0524	-101.9169	47.78552	47.78552
212521	0.4053773	3	1	-6.450583	-0.6509628	-234.7828	-115.1522	47.78552	47.78552
212542	0.2923216	3	1	-6.680638	-1.002407	-229.9022	-90.28275	47.78552	47.78552
212563	0.209981	3	1	-4.688063	-1.362333	-134.7556	3.982191	47.78552	47.78552
212584	0.1348853	3	1	-3.194538	-2.482006	-28.98929	89.85445	47.78552	47.78552
212621	0.04718521	3	1	-1.961401	-0.9251064	-41.99397	62.91927	47.78552	47.78552
212641	0.0141004	3	1	-0.5289865	-2.588024	83.38907	154.1689	47.78552	47.78552
212660	0	0	1	0.4515565	-2.746854	0.0	0.0	47.78552	47.78552
212675	0	0	1	0.3374132	-3.776922	0.0	0.0	47.78552	47.78552
212693	0	0	1	-0.09094998	-5.655486	0.0	0.0	47.78552	47.78552
212713	0	0	1	-0.4149363	-7.183306	0.0	0.0	47.78552	47.78552
212731	0	0	1	-1.572445	-6.596002	0.0	0.0	47.78552	47.78552
212750	0	0	1	-2.010331	-6.691225	0.0	0.0	47.78552	47.78552
212772	0	0	1	-2.928579	-5.805813	0.0	0.0	47.78552	47.78552
212791	0	0	1	-2.074544	-4.692472	0.0	0.0	47.78552	47.78552
212810	0	0	1	-2.922647	-4.175905	0.0	0.0	47.78552	47.78552
212824	0	0	1	-2.839909	-4.856329	0.0	0.0	47.78552	47.78552
212843	0	0	1	-2.423366	-3.800002	0.0	0.0	47.78552	47.78552
212874	0	0	1	-1.763545	-4.419208	0.0	0.0	47.78552	47.78552
212893	0	0	1	-0.9311893	-3.613541	0.0	0.0	47.78552	47.78552
212915	0	0	1	-1.074372	-3.431236	0.0	0.0	47.78552	47.78552
212933	0	0	1	-2.092554	-2.810337	0.0	0.0	47.78552	47.78552
212952	0	0	1	-2.801813	-4.042241	0.0	0.0	47.78552	47.78552
212970	0	0	1	-1.808115	-3.288966	0.0	0.0	47.78552	47.78552
212985	0	0	1	-1.854019	-4.00517	0.0	0.0	47.78552	47.78552
213004	0.0002047122	1	0	-1.958187	-5.191149	0.0	0.0	47.78552	47.78552
213024	0.01092935	1	0	-1.872418	-4.938298	123.8998	159.3902	48.3419	48.3419
213045	0.03945199	1	0	-2.155938	-4.209753	82.96417	96.9824	48.68043	48.68043
213070	0.08727357	1	0	-1.200649	-4.586399	136.9749	123.6227	49.11195	49.11195
213091	0.15153	1	0	-1.764186	-3.834406	83.7038	57.59904	49.31301	49.31301
213114	0.2582874	1	0	-1.211046	-3.570759	95.49326	56.81049	49.51132	49.51132
213152	0.4053944	1	0	-0.9171282	-5.241602	174.9639	111.5775	49.9008	49.9008
213172	0.5237823	1	0	0.2469597	-5.851274	246.8839	150.2351	50.42522	50.42522
213193	0.6224733	1	0	1.345962	-6.206641	305.864	171.2909	51.02314	51.02314
213214	0.7120215	1	0	-0.1197414	-6.140113	243.6579	89.31109	51.33489	51.33489
213234	0.7977097	1	0	-0.7222237	-7.049965	255.8805	83.1288	51.62506	51.62506
213255	0.8683671	1	0	-0.5109514	-5.763804	212.5612	32.59322	51.73884	51.73884
213275	0.9281622	1	0	-2.035973	-4.857526	113.9936	-54.01525	51.55029	51.55029
213300	0.9693001	1	0	-3.578313	-4.169367	23.56186	-118.2632	51.13747	51.13747
213321	0.9942075	1	0	-4.542153	-2.545199	-81.07838	-182.4979	50.50043	50.50043
213341	0.9996376	3	1	-6.217392	-2.025189	-169.9255	-222.1585	50.50043	50.50043
213362	0.9859106	3	1	-6.972131	0.4433321	-300.0199	-288.4003	50.50043	50.50043
213382	0.9444071	3	1	-6.517244	1.924461	-341.5374	-270.1139	50.50043	50.50043
213423	0.8237992	3	1	-4.757704	2.683034	-301.2426	-188.1599	50.50043	50.50043
213444	0.741705	3	1	-4.117709	3.518293	-309.2229	-160.586	50.50043	50.50043
213465	0.6544831	3	1	-3.734497	3.610656	-297.4758	-121.859	50.50043	50.50043
213490	0.5569877	3	1	-4.726606	3.886074	-348.7191	-141.7242	50.50043	50.50043
213511	0.4572229	3	1	-5.523874	3.413496	-361.7526	-126.7049	50.50043	50.50043
213531	0.3636978	3	1	-3.886617	2.140122	-244.0539	-7.373626	50.50043	50.50043
213552	0.2708946	3	1	-3.562901	0.1426675	-150.0766	70.90508	50.50043	50.50043
213572	0.1725433	3	1	-2.88681	-1.795348	-44.2758	144.6746	50.50043	50.50043
213593	0.1069843	3	1	-2.114607	-3.575401	59.01283	203.0151	50.50043	50.50043
213613	0.0534375	3	1	-3.533441	-3.715459	7.073671	123.6905	50.50043	50.50043
213633	0.01893851	3	1	-3.293413	-5.428099	85.87679	165.7878	50.50043	50.50043
213652	0.001451999	3	1	-2.327762	-6.424626	0.0	0.0	50.50043	50.50043
213684	0	0	1	-0.6724697	-7.742717	0.0	0.0	50.50043	50.50043
213764	0	0	1	-0.6187697	-3.5897	0.0	0.0	50.50043	50.50043
213783	0	0	1	-1.391535	-2.518287	0.0	0.0	50.50043	50.50043
213801	0	0	1	-2.203882	-2.21067	0.0	0.0	50.50043	50.50043
213820	0	0	1	-1.828408	-3.561506	0.0	0.0	50.50043	50.50043
213834	0	0	1	-1.137025	-3.688684	0.0	0.0	50.50043	50.50043
213853	0	0	1	-2.194081	-4.604791	0.0	0.0	50.50043	50.50043
213875	0	0	1	-1.342446	-4.660112	0.0	0.0	50.50043	50.50043
213893	0	0	1	-2.469327	-4.945752	0.0	0.0	50.50043	50.50043
213912	0	0	1	-2.516904	-4.683733	0.0	0.0	50.50043	50.50043
213930	0	0	1	-1.39936	-4.148258	0.0	0.0	50.50043	50.50043
213945	0	0	1	-1.943665	-3.691691	0.0	0.0	50.50043	50.50043
213980	0	0	1	-1.717485	-3.06504	0.0	0.0	50.50043	50.50043
213994	0	0	1	-1.842716	-4.354454	0.0	0.0	50.50043	50.50043
214012	0.003255546	1	0	-1.23016	-3.657178	0.0	0.0	50.50043	50.50043
214033	0.02162439	1	0	-2.275622	-4.54682	91.71337	140.5141	50.99092	50.99092
214054	0.05777216	1	0	-1.89968	-4.848579	119.1701	137.5229	51.47097	51.47097
214074	0.112948	1	0	-0.9318985	-5.043642	166.3659	151.2349	51.99887	51.99887
214103	0.2138539	1	0	-1.898425	-5.650968	151.6031	111.7339	52.3889	52.3889
214124	0.2966412	1	0	-2.120347	-5.441199	134.1165	77.16318	52.65825	52.65825
214144	0.391385	1	0	-2.309636	-6.303395	161.1719	85.32696	52.9561	52.9561
214165	0.4857342	1	0	-0.9782061	-6.621799	228.1956	124.7342	53.39151	53.39151
214185	0.5852547	1	0	0.3092981	-6.903728	291.9343	154.3085	53.93015	53.93015
214210	0.6769731	1	0	1.370574	-5.942585	296.1832	129.8159	54.38329	54.38329
214243	0.8310033	1	0	0.04092458	-5.630438	229.5905	51.76275	54.56398	54.56398
214264	0.8988209	1	0	-1.529546	-4.433013	117.4211	-49.45679	54.39134	54.39134
214285	0.9486943	1	0	-2.505277	-4.441608	78.13692	-72.65496	54.13773	54.13773
214305	0.9823439	1	0	-2.347513	-4.607737	91.25176	-48.74733	53.96757	53.96757
214325	0.9985529	1	0	-3.096197	-2.752023	-14.08833	-126.1561	53.5272	53.5272
214350	0.9961744	3	1	-2.356103	-3.128069	31.13255	-66.26417	53.5272	53.5272
214370	0.9740382	3	1	-3.495509	-1.525185	-79.86841	-145.1324	53.5272	53.5272
214394	0.9154085	3	1	-4.087004	0.7942544	-197.6567	-215.2613	53.5272	53.5272
214415	0.8518856	3	1	-4.761307	2.212863	-282.3475	-245.58	53.5272	53.5272
214440	0.7742897	3	1	-4.684414	3.55076	-333.4312	-242.8877	53.5272	53.5272
214461	0.6902649	3	1	-5.085135	4.022861	-368.7332	-227.7624	53.5272	53.5272
214494	0.5945971	3	1	-5.492589	4.196017	-392.1866	-205.6781	53.5272	53.5272
214515	0.4147367	3	1	-5.90744	2.593721	-344.0299	-128.9677	53.5272	53.5272
214541	0.3186114	3	1	-4.398937	1.407938	-235.1137	-16.41671	53.5272	53.5272
214561	0.2336928	3	1	-4.036295	0.6169162	-188.4271	24.78288	53.5272	53.5272
214581	0.154971	3	1	-3.976312	0.07072408	-163.8948	40.37584	53.5272	53.5272
214602	0.07935757	3	1	-2.870602	-1.49806	-55.64473	121.6846	53.5272	53.5272
214623	0.03582472	3	1	-3.780221	-1.836527	-78.81885	80.65356	53.5272	53.5272
214643	0.008151531	3	1	-4.096358	-2.365372	-70.26592	73.03609	53.5272	53.5272
214662	0	0	1	-2.914513	-3.108401	0.0	0.0	53.5272	53.5272
214681	0	0	1	-2.135668	-3.96928	0.0	0.0	53.5272	53.5272
214702	0	0	1	-1.307593	-5.051385	0.0	0.0	53.5272	53.5272
214721	0	0	1	-0.1200264	-5.458194	0.0	0.0	53.5272	53.5272
214740	0	0	1	0.216614	-6.181193	0.0	0.0	53.5272	53.5272
214770	0	0	1	-1.388704	-4.343755	0.0	0.0	53.5272	53.5272
214790	0	0	1	-1.768477	-3.762801	0.0	0.0	53.5272	53.5272
214804	0	0	1	-1.792213	-3.844489	0.0	0.0	53.5272	53.5272
214823	0	0	1	-2.431241	-2.793347	0.0	0.0	53.5272	53.5272
214841	0	0	1	-1.339342	-3.641546	0.0	0.0	53.5272	53.5272
214860	0	0	1	-1.286057	-4.031492	0.0	0.0	53.5272	53.5272
214874	0	0	1	-1.914818	-4.432453	0.0	0.0	53.5272	53.5272
214893	0	0	1	-3.035638	-3.731648	0.0	0.0	53.5272	53.5272
214911	0	0	1	-2.294783	-4.218406	0.0	0.0	53.5272	53.5272
214930	0	0	1	-1.708775	-4.604459	0.0	0.0	53.5272	53.5272
214944	0	0	1	-2.429006	-4.665688	0.0	0.0	53.5272	53.5272
214963	0	0	1	-1.413158	-4.509712	0.0	0.0	53.5272	53.5272
214980	0	0	1	-2.521545	-3.718053	0.0	0.0	53.5272	53.5272
215000	0	0	1	-2.045334	-3.041417	0.0	0.0	53.5272	53.5272
215014	0.003824532	1	0	-1.817684	-3.7248	0.0	0.0	53.5272	53.5272
215110	0.2217078	1	0	-1.501483	-4.423287	118.1673	214.073	54.27446	54.27446
215131	0.3097271	1	0	-0.3477602	-5.066128	190.9974	234.8964	55.0944	55.0944
215151	0.4006917	1	0	-1.097318	-3.963387	115.986	130.9028	55.55133	55.55133
215172	0.4999681	1	0	0.2430794	-4.242618	181.6686	160.9505	56.11316	56.11316
215192	0.6178908	1	0	1.175069	-4.464544	228.4448	170.0722	56.70682	56.70682
215213	0.7120215	1	0	0.2336034	-5.445119	229.9227	140.4534	57.1971	57.1971
215233	0.7939034	1	0	-1.20671	-4.589865	136.8691	38.80766	57.33256	57.33256
215254	0.8683671	1	0	-2.827694	-4.051122	49.2779	-39.9406	57.19314	57.19314
215274	0.9257051	1	0	-4.041308	-2.589458	-58.98442	-121.3383	56.76959	56.76959
215294	0.9676503	1	0	-5.335914	-2.32958	-121.9502	-150.8954	56.24287	56.24287
215332	1.0	3	1	-7.618557	-1.137161	-262.3689	-238.5078	56.24287	56.24287
215353	0.9909589	3	1	-8.379971	0.5764827	-362.139	-276.9586	56.24287	56.24287
215374	0.9623899	3	1	-7.48025	1.494681	-362.9691	-227.4342	56.24287	56.24287
215402	0.8930446	3	1	-5.681261	1.728487	-299.8857	-134.559	56.24287	56.24287
215423	0.827437	3	1	-5.951428	3.097072	-366.1816	-164.4461	56.24287	56.24287
215444	0.7458902	3	1	-5.613986	4.161098	-395.6679	-158.7784	56.24287	56.24287
215464	0.6544831	3	1	-5.193413	3.938397	-369.6809	-108.7204	56.24287	56.24287
215485	0.5617475	3	1	-5.134959	4.83888	-403.8025	-116.9492	56.24287	56.24287
215510	0.4619287	3	1	-5.648737	5.212096	-439.6461	-125.0961	56.24287	56.24287
215531	0.3636978	3	1	-5.630177	3.545457	-371.3844	-46.53209	56.24287	56.24287
215551	0.2751009	3	1	-5.33343	1.776005	-287.7671	30.36276	56.24287	56.24287
215572	0.1909114	3	1	-3.249996	-0.7794693	-100.088	178.5176	56.24287	56.24287
215605	0.07429049	3	1	-2.04576	-3.249994	48.65368	267.9372	56.24287	56.24287
215631	0.02908918	3	1	-3.364691	-3.687807	12.80841	190.0208	56.24287	56.24287
215651	0.005791158	3	1	-2.428786	-5.259873	114.2611	238.6383	56.24287	56.24287
215670	0	0	1	-2.529992	-5.096074	0.0	0.0	56.24287	56.24287
215690	0	0	1	-1.917566	-5.562868	0.0	0.0	56.24287	56.24287
215711	0	0	1	-0.869123	-5.743845	0.0	0.0	56.24287	56.24287
215730	0	0	1	-0.6080718	-5.553086	0.0	0.0	56.24287	56.24287
215744	0	0	1	0.0279391	-5.284911	0.0	0.0	56.24287	56.24287
215763	0	0	1	-0.6399117	-4.442658	0.0	0.0	56.24287	56.24287
215782	0	0	1	-1.721551	-3.581495	0.0	0.0	56.24287	56.24287
215800	0	0	1	-2.687629	-2.838323	0.0	0.0	56.24287	56.24287
215814	0	0	1	-2.253181	-3.41547	0.0	0.0	56.24287	56.24287
215833	0	0	1	-2.168799	-3.689733	0.0	0.0	56.24287	56.24287
215863	0	0	1	-1.5403	-4.131571	0.0	0.0	56.24287	56.24287
215882	0	0	1	-1.675026	-4.25913	0.0	0.0	56.24287	56.24287
215901	0	0	1	-2.630045	-3.307758	0.0	0.0	56.24287	56.24287
215920	0	0	1	-1.954624	-3.512681	0.0	0.0	56.24287	56.24287
215933	0	0	1	-1.916595	-4.11571	0.0	0.0	56.24287	56.24287
215953	0	0	1	-1.085411	-4.196529	0.0	0.0	56.24287	56.24287
215970	0	0	1	-2.462067	-4.334741	0.0	0.0	56.24287	56.24287
215990	0	0	1	-1.871744	-3.159272	0.0	0.0	56.24287	56.24287
216004	0.0002047122	1	0	-1.292624	-3.580064	0.0	0.0	56.24287	56.24287
216032	0.02025187	1	0	-1.8072	-4.010633	89.07965	174.7637	56.85291	56.85291
216053	0.05777216	1	0	-1.731793	-3.979605	90.88719	144.5643	57.35753	57.35753
216074	0.1099311	1	0	-0.9199449	-4.004004	124.8266	146.1465	57.86768	57.86768
216094	0.1798059	1	0	-0.2646004	-3.735897	140.5712	132.5452	58.33035	58.33035
216132	0.3141687	1	0	-1.212893	-5.173607	160.201	124.5904	58.76525	58.76525
216152	0.4288138	1	0	0.09319562	-5.083926	209.6192	142.4662	59.26255	59.26255
216173	0.5285693	1	0	0.7444654	-5.989714	272.6804	168.2716	59.84993	59.84993
216194	0.6224733	1	0	1.653584	-6.708685	338.648	191.7788	60.51936	60.51936
216214	0.716353	1	0	2.897972	-5.854075	354.5058	169.9985	61.11277	61.11277
216235	0.7977097	1	0	1.77293	-6.604866	339.2923	126.7272	61.55513	61.55513
216260	0.8715915	1	0	0.09610272	-5.114419	210.97	-1.305932	61.55057	61.55057
216281	0.9306181	1	0	-1.371961	-3.888083	101.7941	-90.4549	61.23482	61.23482
216301	0.9724976	1	0	-3.520514	-2.074553	-58.67231	-205.437	60.51771	60.51771
216322	0.9949123	1	0	-4.924487	-0.731672	-169.8092	-259.1888	59.61297	59.61297
216394	0.9154085	3	1	-5.208108	3.453486	-350.6315	-360.2506	59.61297	59.61297
216432	0.8090681	3	1	-5.184184	5.141229	-418.0386	-350.1365	59.61297	59.61297
216452	0.7077208	3	1	-5.01915	3.860312	-359.4848	-238.7277	59.61297	59.61297
216473	0.6132807	3	1	-4.955998	3.432177	-339.593	-179.1678	59.61297	59.61297
216494	0.5190482	3	1	-5.636696	3.034294	-350.9467	-155.9857	59.61297	59.61297
216514	0.419464	3	1	-6.227445	2.880972	-368.5605	-142.1313	59.61297	59.61297
216535	0.3275102	3	1	-5.625462	2.485622	-328.2788	-83.38737	59.61297	59.61297
216560	0.2377622	3	1	-5.22858	2.589239	-316.4574	-58.59329	59.61297	59.61297
216581	0.1584033	3	1	-3.696495	1.708965	-218.9022	31.8993	59.61297	59.61297
216601	0.09550795	3	1	-2.39793	-0.1474028	-91.1674	130.6974	59.61297	59.61297
216622	0.04517317	3	1	-2.430858	-1.552425	-35.62452	152.4806	59.61297	59.61297
216642	0.009036213	3	1	-2.834074	-2.565723	-10.98732	145.0118	59.61297	59.61297
216661	0	0	1	-1.591143	-3.421909	0.0	0.0	59.61297	59.61297
216701	0	0	1	-0.9137601	-6.29523	0.0	0.0	59.61297	59.61297
216715	0	0	1	-1.185082	-5.763931	0.0	0.0	59.61297	59.61297
216734	0	0	1	0.219189	-6.232685	0.0	0.0	59.61297	59.61297
216752	0	0	1	-0.1169363	-4.948298	0.0	0.0	59.61297	59.61297
216771	0	0	1	-0.2809444	-3.71191	0.0	0.0	59.61297	59.61297
216785	0	0	1	-0.5114183	-3.070861	0.0	0.0	59.61297	59.61297
216804	0	0	1	-1.895707	-2.917855	0.0	0.0	59.61297	59.61297
216822	0	0	1	-1.822633	-2.763097	0.0	0.0	59.61297	59.61297
216841	0	0	1	-1.474735	-4.15338	0.0	0.0	59.61297	59.61297
216854	0	0	1	-1.21506	-4.828077	0.0	0.0	59.61297	59.61297
216874	0	0	1	-1.170266	-5.242188	0.0	0.0	59.61297	59.61297
216892	0	0	1	-2.525692	-5.052958	0.0	0.0	59.61297	59.61297
216911	0	0	1	-2.436541	-5.077493	0.0	0.0	59.61297	59.61297
216925	0	0	1	-1.888761	-4.678046	0.0	0.0	59.61297	59.61297
216960	0	0	1	-1.011653	-4.034667	0.0	0.0	59.61297	59.61297
216980	0	0	1	-1.480811	-3.541231	0.0	0.0	59.61297	59.61297
216993	0	0	1	-1.48648	-3.229434	0.0	0.0	59.61297	59.61297
217021	0.005088866	1	0	-1.88796	-3.399303	61.09271	177.7398	60.2334	60.2334
217042	0.03580415	1	0	-1.484684	-4.524016	122.9198	196.1407	60.91806	60.91806
217063	0.08197782	1	0	-1.423848	-4.175016	111.2868	151.0622	61.44537	61.44537
217083	0.141413	1	0	-0.2254378	-4.161666	159.3862	163.0597	62.01456	62.01456
217104	0.217798	1	0	-0.933353	-4.188802	131.7551	110.8796	62.4016	62.4016
217124	0.3009632	1	0	0.2792628	-4.472067	192.4203	140.449	62.89186	62.89186
217145	0.3960691	1	0	-0.8336736	-4.62157	153.2979	82.95914	63.18144	63.18144
217170	0.495247	1	0	0.4403899	-5.457982	238.8376	137.9552	63.663	63.663
217191	0.5899743	1	0	1.267473	-5.188231	261.4819	131.4878	64.12198	64.12198
217224	0.6858394	1	0	1.624285	-6.724283	338.0902	170.3746	64.7167	64.7167
217245	0.8380741	1	0	-0.4579605	-5.41406	200.5842	26.91056	64.81063	64.81063
217270	0.9016937	1	0	-2.152989	-5.078917	118.1734	-45.43973	64.65202	64.65202
217291	0.9528111	1	0	-2.370274	-4.811241	98.5405	-53.27697	64.46604	64.46604
217311	0.9847626	1	0	-1.785013	-4.523576	110.7041	-33.66076	64.34854	64.34854
217335	0.9999093	3	1	-3.443208	-2.268249	-47.71078	-157.2583	64.34854	64.34854
217360	0.9880653	3	1	-4.683986	-1.191818	-141.48	-205.5239	64.34854	64.34854
217381	0.9567864	3	1	-5.349275	0.3488865	-230.6698	-241.2912	64.34854	64.34854
217401	0.9072762	3	1	-5.672797	2.196871	-318.5005	-269.4623	64.34854	64.34854
217422	0.827437	3	1	-6.408957	4.396712	-437.2471	-317.8385	64.34854	64.34854
217443	0.74999	3	1	-5.645135	3.982751	-389.6989	-221.295	64.34854	64.34854
217463	0.6590352	3	1	-6.343245	4.692723	-446.5903	-227.7598	64.34854	64.34854
217501	0.5047443	3	1	-6.555865	4.524292	-448.3297	-187.898	64.34854	64.34854
217522	0.4053773	3	1	-5.653183	2.823447	-343.0744	-67.66215	64.34854	64.34854
217543	0.2923216	3	1	-5.275206	1.642752	-280.0225	-3.774526	64.34854	64.34854
217564	0.2060895	3	1	-5.719513	1.71786	-300.9995	-20.2649	64.34854	64.34854
217584	0.1348853	3	1	-4.269847	-0.06271234	-170.3722	90.35712	64.34854	64.34854
217604	0.07429049	3	1	-3.029724	-1.812379	-49.37931	173.0388	64.34854	64.34854
217683	0	0	1	0.1955547	-6.631627	0.0	0.0	64.34854	64.34854
217701	0	0	1	0.6252451	-6.399287	0.0	0.0	64.34854	64.34854
217720	0	0	1	-0.6217272	-5.753131	0.0	0.0	64.34854	64.34854
217735	0	0	1	-1.112258	-5.216146	0.0	0.0	64.34854	64.34854
217753	0	0	1	-2.197227	-4.276116	0.0	0.0	64.34854	64.34854
217784	0	0	1	-1.469671	-3.313966	0.0	0.0	64.34854	64.34854
217803	0	0	1	-1.089061	-3.093115	0.0	0.0	64.34854	64.34854
217821	0	0	1	-0.8554446	-2.820691	0.0	0.0	64.34854	64.34854
217840	0	0	1	-0.2052201	-2.577266	0.0	0.0	64.34854	64.34854
217855	0	0	1	-0.469944	-3.27231	0.0	0.0	64.34854	64.34854
217873	0	0	1	-1.485177	-4.048207	0.0	0.0	64.34854	64.34854
217892	0	0	1	-2.487944	-4.70761	0.0	0.0	64.34854	64.34854
217910	0	0	1	-1.580188	-4.178762	0.0	0.0	64.34854	64.34854
217925	0	0	1	-0.9175282	-3.948427	0.0	0.0	64.34854	64.34854
217943	0	0	1	-1.264116	-3.444198	0.0	0.0	64.34854	64.34854
217970	0	0	1	-2.25395	-2.752293	0.0	0.0	64.34854	64.34854
217984	0	0	1	-1.557878	-2.65145	0.0	0.0	64.34854	64.34854
218010	0.0005674362	1	0	-1.487323	-3.30219	0.0	0.0	64.34854	64.34854
218031	0.01299629	1	0	-2.183229	-3.350767	47.14863	220.7026	65.11894	65.11894
218065	0.08458668	1	0	-2.167145	-4.416359	90.85223	216.4774	65.87459	65.87459
218090	0.1481083	1	0	-1.247779	-3.647575	97.10889	182.3593	66.51114	66.51114
218111	0.2257031	1	0	-0.3428948	-3.50587	128.0867	174.6656	67.12083	67.12083
218131	0.3097271	1	0	0.3018898	-4.638549	200.074	201.9424	67.82574	67.82574
218152	0.4053944	1	0	2.022845	-4.951904	282.5338	232.8488	68.63854	68.63854
218172	0.5237823	1	0	2.8837	-5.684663	347.0685	243.477	69.48843	69.48843
218193	0.6224733	1	0	1.767756	-6.263573	325.2779	181.5015	70.12199	70.12199
218214	0.7120215	1	0	0.7215301	-5.220543	240.6434	79.30798	70.39883	70.39883
218234	0.7939034	1	0	-0.4601799	-4.483615	162.882	1.266221	70.40325	70.40325
218255	0.8683671	1	0	-1.949732	-3.415072	59.22353	-83.83166	70.11063	70.11063
218275	0.9257051	1	0	-3.383761	-2.802329	-23.7201	-136.5441	69.634	69.634
218316	0.9810591	1	0	-3.502386	-1.821422	-68.17031	-148.1856	69.11673	69.11673
218341	0.9996376	3	1	-5.167501	0.5401828	-231.0606	-254.6874	69.11673	69.11673
218362	0.9859106	3	1	-6.137952	2.867108	-364.3916	-317.6826	69.11673	69.11673
218383	0.9444071	3	1	-4.925672	2.783173	-312.0817	-217.2688	69.11673	69.11673
218403	0.8900635	3	1	-4.270488	3.287318	-306.0392	-172.9375	69.11673	69.11673
218424	0.8237992	3	1	-3.681829	3.615415	-295.5398	-132.993	69.11673	69.11673
218445	0.741705	3	1	-4.52248	2.998894	-304.5355	-116.2505	69.11673	69.11673
218465	0.6499863	3	1	-5.771676	3.446916	-373.1006	-151.3142	69.11673	69.11673
218490	0.5569877	3	1	-6.936753	3.760499	-432.7332	-172.7087	69.11673	69.11673
218511	0.4572229	3	1	-7.187813	2.67869	-399.0605	-113.8331	69.11673	69.11673
218532	0.3591617	3	1	-4.71014	1.670624	-258.3254	22.02553	69.11673	69.11673
218552	0.2499875	3	1	-4.94348	1.97618	-280.1226	0.1869833	69.11673	69.11673
218590	0.1414516	3	1	-2.777362	0.7345383	-142.2463	113.0366	69.11673	69.11673
218611	0.06937745	3	1	-2.536573	-0.2217607	-93.77096	132.2348	69.11673	69.11673
218640	0.01643193	3	1	-2.503512	-1.259712	-50.41401	143.7624	69.11673	69.11673
218655	0.0008135736	3	1	-2.57898	-2.87512	0.0	0.0	69.11673	69.11673
218674	0	0	1	-1.908251	-4.218088	0.0	0.0	69.11673	69.11673
218693	0	0	1	-1.861492	-4.483357	0.0	0.0	69.11673	69.11673
218715	0	0	1	-1.261502	-5.844543	0.0	0.0	69.11673	69.11673
218733	0	0	1	-0.4437695	-4.769991	0.0	0.0	69.11673	69.11673
218752	0	0	1	-0.3196011	-6.082677	0.0	0.0	69.11673	69.11673
218770	0	0	1	-1.089667	-4.930799	0.0	0.0	69.11673	69.11673
218790	0	0	1	-0.1426196	-4.335287	0.0	0.0	69.11673	69.11673
218804	0	0	1	-0.7088151	-3.87283	0.0	0.0	69.11673	69.11673
218823	0	0	1	-1.53564	-2.84817	0.0	0.0	69.11673	69.11673
218854	0	0	1	-0.3541423	-2.100412	0.0	0.0	69.11673	69.11673
218872	0	0	1	-0.8381306	-2.988745	0.0	0.0	69.11673	69.11673
218891	0	0	1	-1.740051	-3.554566	0.0	0.0	69.11673	69.11673
218905	0	0	1	-2.434694	-3.462068	0.0	0.0	69.11673	69.11673
218924	0	0	1	-2.1845	-3.635959	0.0	0.0	69.11673	69.11673
219004	0.0002047122	1	0	-2.197021	-1.68066	0.0	0.0	69.11673	69.11673
219025	0.01092935	1	0	-1.891059	-3.102609	48.9706	199.0719	69.81162	69.81162
219045	0.04131055	1	0	-0.9240539	-4.040785	126.1476	226.1735	70.60112	70.60112
219070	0.08727357	1	0	-1.274244	-3.469491	88.83311	154.6247	71.14086	71.14086
219091	0.15153	1	0	-1.263082	-3.406049	86.71957	124.8655	71.57672	71.57672
219111	0.2296625	1	0	0.8083352	-3.491427	174.1805	173.8383	72.18353	72.18353
219132	0.336488	1	0	0.02567404	-3.557727	145.1335	118.5451	72.59734	72.59734
219170	0.4904538	1	0	-0.3839072	-3.619809	131.0338	85.51263	72.89583	72.89583
219191	0.5899743	1	0	0.7443537	-4.188601	199.8118	126.3224	73.33678	73.33678
219211	0.6813807	1	0	0.336031	-5.084393	219.4936	119.5382	73.75404	73.75404
219232	0.7900118	1	0	-0.8443397	-5.458272	186.6733	70.99861	74.00188	74.00188
219252	0.861867	1	0	-2.643516	-4.613976	79.47674	-29.6364	73.89843	73.89843
219273	0.9206377	1	0	-3.741063	-4.325161	23.2327	-70.31296	73.65299	73.65299
219301	0.9709323	1	0	-3.042507	-3.282783	9.532539	-68.78412	73.41289	73.41289
219321	0.9949123	1	0	-4.625458	-0.6743789	-160.0244	-195.1372	72.73173	72.73173
219342	0.9977377	3	1	-4.879747	1.17004	-244.9159	-229.2681	72.73173	72.73173
219363	0.9797457	3	1	-5.206014	2.851113	-326.1508	-254.2184	72.73173	72.73173
219383	0.9422237	3	1	-6.183673	3.963181	-410.6148	-277.2896	72.73173	72.73173
219416	0.8900635	3	1	-5.835758	4.687154	-425.9184	-239.5551	72.73173	72.73173
219441	0.7703302	3	1	-3.158462	5.093273	-334.2404	-121.0715	72.73173	72.73173
219462	0.6858232	3	1	-4.365997	4.713999	-367.6972	-126.5171	72.73173	72.73173
219483	0.5711776	3	1	-5.59837	4.530024	-409.9827	-138.2039	72.73173	72.73173
219503	0.471422	3	1	-6.508997	4.763636	-456.1368	-150.9396	72.73173	72.73173
219524	0.3775182	3	1	-7.396888	4.620972	-486.0782	-148.0928	72.73173	72.73173
219545	0.2836391	3	1	-5.86182	3.471526	-377.7311	-32.54099	72.73173	72.73173
219565	0.1984459	3	1	-4.539944	3.067165	-308.0063	30.44349	72.73173	72.73173
219590	0.1284513	3	1	-3.101516	2.823041	-239.9672	80.63079	72.73173	72.73173
219614	0.05130184	3	1	-2.444276	0.8738613	-134.4059	152.4411	72.73173	72.73173
219635	0.01643193	3	1	-1.785458	-0.01493255	-71.72551	176.1266	72.73173	72.73173
219654	0.0008135736	3	1	-2.834824	-0.752434	0.0	0.0	72.73173	72.73173
219690	0	0	1	-2.110697	-1.516243	0.0	0.0	72.73173	72.73173
219705	0	0	1	-2.084101	-2.483094	0.0	0.0	72.73173	72.73173
219723	0	0	1	-1.319086	-3.53703	0.0	0.0	72.73173	72.73173
219743	0	0	1	-0.3988211	-3.730315	0.0	0.0	72.73173	72.73173
219760	0	0	1	-0.790693	-3.740767	0.0	0.0	72.73173	72.73173
219780	0	0	1	-1.504715	-3.522185	0.0	0.0	72.73173	72.73173
219794	0	0	1	-1.551715	-2.766681	0.0	0.0	72.73173	72.73173
219813	0	0	1	-1.885285	-2.554028	0.0	0.0	72.73173	72.73173
219831	0	0	1	-1.12642	-1.507492	0.0	0.0	72.73173	72.73173
219850	0	0	1	-1.324785	-2.610946	0.0	0.0	72.73173	72.73173
219864	0	0	1	-1.745314	-2.056477	0.0	0.0	72.73173	72.73173
219883	0	0	1	-2.183567	-3.265313	0.0	0.0	72.73173	72.73173
219905	0	0	1	-1.351326	-3.882628	0.0	0.0	72.73173	72.73173
219931	0	0	1	-1.607324	-3.251205	0.0	0.0	72.73173	72.73173
219962	0	0	1	-2.044135	-3.345855	0.0	0.0	72.73173	72.73173
219981	0	0	1	-1.874988	-2.097141	0.0	0.0	72.73173	72.73173
219995	0	0	1	-1.56876	-2.736369	0.0	0.0	72.73173	72.73173
220014	0.004439086	1	0	-1.379185	-2.198401	0.0	0.0	72.73173	72.73173
220034	0.02301908	1	0	-1.656396	-3.448745	72.4883	262.2726	73.64723	73.64723
220055	0.06229174	1	0	-2.382631	-3.28996	36.59976	185.3476	74.29422	74.29422
220080	0.1190411	1	0	-1.039427	-3.197083	87.33987	193.2922	74.96894	74.96894
220101	0.1871712	1	0	-0.4626991	-4.468255	162.159	219.511	75.73518	75.73518
220122	0.27091	1	0	1.640639	-4.422479	245.611	248.0452	76.60101	76.60101
220142	0.3821177	1	0	0.9141913	-3.988314	198.5895	164.5843	77.17552	77.17552
220162	0.4762264	1	0	2.333268	-4.220523	265.4887	189.5226	77.83708	77.83708
220183	0.5758645	1	0	3.406386	-4.139855	305.648	188.0477	78.49349	78.49349
220204	0.6680427	1	0	2.938818	-2.734748	229.8078	91.86768	78.81417	78.81417
220295	0.9676503	1	0	-2.329009	0.3289466	-107.6674	-201.0864	78.11224	78.11224
220320	0.993469	1	0	-3.839031	-0.4106822	-138.8598	-190.1738	77.44841	77.44841
220340	0.9996376	3	1	-3.542141	-0.9917335	-103.3323	-126.6137	77.44841	77.44841
220361	0.9870018	3	1	-3.04551	-0.6361651	-97.60591	-98.97414	77.44841	77.44841
220381	0.954816	3	1	-4.426652	0.4877831	-198.9891	-164.0387	77.44841	77.44841
220402	0.9072762	3	1	-5.621103	0.6291604	-252.9867	-178.513	77.44841	77.44841
220423	0.827437	3	1	-6.389981	1.962643	-337.9512	-215.7172	77.44841	77.44841
220443	0.7458902	3	1	-7.46054	1.941455	-380.2302	-211.2294	77.44841	77.44841
220464	0.6590352	3	1	-6.798012	3.546193	-418.4727	-204.2503	77.44841	77.44841
220484	0.5664296	3	1	-6.852151	3.564317	-421.3866	-169.6117	77.44841	77.44841
220522	0.4053773	3	1	-5.191711	4.561149	-394.8409	-117.1325	77.44841	77.44841
220543	0.2923216	3	1	-3.838278	2.874715	-271.8564	4.791159	77.44841	77.44841
220563	0.2060895	3	1	-3.878944	1.923476	-234.9681	34.12423	77.44841	77.44841
220592	0.1221043	3	1	-3.956068	1.050042	-202.7165	54.34393	77.44841	77.44841
220612	0.055581	3	1	-2.158383	0.2377935	-97.06606	130.9923	77.44841	77.44841
220633	0.01893851	3	1	-1.395583	-1.548722	6.183671	191.7812	77.44841	77.44841
220652	0.001833737	3	1	-1.349678	-2.982227	0.0	0.0	77.44841	77.44841
220670	0	0	1	-2.333798	-3.8711	0.0	0.0	77.44841	77.44841
220690	0	0	1	-1.354805	-5.048749	0.0	0.0	77.44841	77.44841
220704	0	0	1	-0.9495613	-5.598889	0.0	0.0	77.44841	77.44841
220723	0	0	1	-0.002746376	-5.883386	0.0	0.0	77.44841	77.44841
220742	0	0	1	0.9356892	-5.978662	0.0	0.0	77.44841	77.44841
220761	0	0	1	0.5663205	-4.740149	0.0	0.0	77.44841	77.44841
220791	0	0	1	-0.5331254	-2.944878	0.0	0.0	77.44841	77.44841
220810	0	0	1	-0.1567741	-1.860043	0.0	0.0	77.44841	77.44841
220825	0	0	1	-0.4022482	-1.204747	0.0	0.0	77.44841	77.44841
220843	0	0	1	-0.787616	-1.155008	0.0	0.0	77.44841	77.44841
220870	0	0	1	-1.405936	-2.455109	0.0	0.0	77.44841	77.44841
220884	0	0	1	-2.103711	-2.701695	0.0	0.0	77.44841	77.44841
220903	0	0	1	-2.22314	-4.037819	0.0	0.0	77.44841	77.44841
220925	0	0	1	-1.716838	-4.897346	0.0	0.0	77.44841	77.44841
220944	0	0	1	-1.366148	-3.827927	0.0	0.0	77.44841	77.44841
220963	0	0	1	-1.779451	-2.567209	0.0	0.0	77.44841	77.44841
220980	0	0	1	-0.7117185	-1.978785	0.0	0.0	77.44841	77.44841
221000	0.0	1	0	-1.692107	-1.126194	0.0	0.0	77.44841	77.44841
221014	0.003824532	1	0	-1.478053	-1.849776	0.0	0.0	77.44841	77.44841
221035	0.02301908	1	0	-1.972423	-1.942661	-1.251509	150.9297	77.97526	77.97526
221072	0.106995	1	0	-2.331546	-3.632726	52.52448	167.5989	78.56029	78.56029
221093	0.1725565	1	0	-1.344602	-3.502402	87.30927	165.6977	79.13868	79.13868
221113	0.2541022	1	0	-1.596679	-3.555141	79.21314	129.0333	79.58909	79.58909
221134	0.3409567	1	0	-0.3468269	-3.681956	135.0533	151.3616	80.11744	80.11744
221154	0.438244	1	0	1.039948	-4.095266	208.0172	183.6621	80.75854	80.75854
221175	0.5332813	1	0	1.199717	-5.063392	253.6817	187.7568	81.41394	81.41394
221200	0.6316755	1	0	2.202921	-3.806391	243.4367	145.3344	81.92125	81.92125
221224	0.7581992	1	0	0.8276385	-2.978739	154.201	45.92968	82.08157	82.08157
221245	0.8345808	1	0	-0.9155191	-2.477745	63.25345	-36.85749	81.95292	81.95292
221265	0.9016937	1	0	-2.588529	-2.167558	-17.13077	-95.98939	81.61785	81.61785
221290	0.9507889	1	0	-1.558338	-1.191211	-14.88785	-76.75311	81.34993	81.34993
221323	0.9835659	1	0	-4.040195	0.5093803	-184.2328	-201.4881	80.64661	80.64661
221343	0.9972592	3	1	-3.782223	1.460933	-212.3238	-187.9634	80.64661	80.64661
221364	0.9769783	3	1	-4.864098	2.700299	-306.2386	-230.7823	80.64661	80.64661
221385	0.9399666	3	1	-5.00894	3.301092	-336.4203	-213.6594	80.64661	80.64661
221410	0.8840406	3	1	-4.919843	4.900838	-397.632	-225.0453	80.64661	80.64661
221430	0.8128221	3	1	-4.581239	5.83718	-421.8941	-204.1157	80.64661	80.64661
221451	0.7333327	3	1	-3.298168	5.175592	-343.2274	-102.7089	80.64661	80.64661
221472	0.6408831	3	1	-4.307314	3.955396	-334.5927	-77.0215	80.64661	80.64661
221492	0.5237649	3	1	-5.350877	4.253169	-388.7857	-107.4294	80.64661	80.64661
221513	0.424127	3	1	-5.350964	2.746083	-327.7472	-37.98162	80.64661	80.64661
221608	0.09830112	3	1	-0.5033855	-0.6787945	7.104708	243.0569	80.64661	80.64661
221633	0.01893851	3	1	-2.392789	-2.818226	17.11853	207.1968	80.64661	80.64661
221652	0.001451999	3	1	-2.921415	-3.563668	0.0	0.0	80.64661	80.64661
221680	0	0	1	-3.797847	-4.622747	0.0	0.0	80.64661	80.64661
221694	0	0	1	-4.210254	-4.959576	0.0	0.0	80.64661	80.64661
221713	0	0	1	-4.007421	-3.8151	0.0	0.0	80.64661	80.64661
221731	0	0	1	-2.638657	-4.891056	0.0	0.0	80.64661	80.64661
221750	0	0	1	-1.367863	-4.60332	0.0	0.0	80.64661	80.64661
221764	0	0	1	-0.9792624	-4.267008	0.0	0.0	80.64661	80.64661
221783	0	0	1	-0.1940554	-5.586463	0.0	0.0	80.64661	80.64661
221805	0	0	1	-0.03790862	-4.553666	0.0	0.0	80.64661	80.64661
221824	0	0	1	-1.182737	-3.861593	0.0	0.0	80.64661	80.64661
221843	0	0	1	-1.179096	-3.635095	0.0	0.0	80.64661	80.64661
221865	0	0	1	-0.2035424	-2.786558	0.0	0.0	80.64661	80.64661
221900	0	0	1	-0.1213255	-3.180457	0.0	0.0	80.64661	80.64661
221915	0	0	1	-0.8345963	-3.110945	0.0	0.0	80.64661	80.64661
221941	0	0	1	-1.244302	-2.302557	0.0	0.0	80.64661	80.64661
221960	0	0	1	-0.4595766	-1.578016	0.0	0.0	80.64661	80.64661
221974	0	0	1	-1.110664	-1.382191	0.0	0.0	80.64661	80.64661
221993	0	0	1	-1.641392	-2.691729	0.0	0.0	80.64661	80.64661
222011	0.002739847	1	0	-1.796453	-2.802946	0.0	0.0	80.64661	80.64661
222032	0.02025187	1	0	-1.765692	-2.657465	36.05203	185.1398	81.29287	81.29287
222052	0.05558893	1	0	-0.8654118	-2.10046	50.01141	163.0086	81.86188	81.86188
222073	0.1099311	1	0	-0.4971385	-2.637532	86.68461	163.4857	82.43255	82.43255
222094	0.1761942	1	0	-0.4349286	-3.180712	111.195	153.9182	82.96983	82.96983
222114	0.2582874	1	0	0.6342269	-4.063022	190.263	190.753	83.63568	83.63568
222134	0.3455086	1	0	1.874801	-4.207424	246.3895	202.1278	84.34124	84.34124
222172	0.5237823	1	0	4.531285	-4.926727	382.992	277.3289	85.3093	85.3093
222192	0.6178908	1	0	2.881743	-3.909301	275.0833	138.7095	85.79349	85.79349
222213	0.7120215	1	0	1.414553	-3.586974	202.6164	54.2349	85.9828	85.9828
222242	0.8090817	1	0	-0.3931273	-3.238912	115.2459	-27.12911	85.88811	85.88811
222262	0.8930103	1	0	-1.771856	-3.098762	53.65097	-72.64115	85.63454	85.63454
222282	0.9444151	1	0	-3.65033	-2.650568	-40.66203	-136.6905	85.1574	85.1574
222303	0.9810591	1	0	-5.542061	-1.994089	-143.8335	-196.3824	84.4719	84.4719
222323	0.9981655	1	0	-6.410315	-0.6518494	-233.1199	-233.8858	83.65549	83.65549
222344	0.9967434	3	1	-5.360884	-0.1499784	-210.9709	-173.3554	83.65549	83.65549
222365	0.9769783	3	1	-6.137583	1.296083	-300.8094	-215.485	83.65549	83.65549
222390	0.9377041	3	1	-5.983685	2.962924	-362.0511	-226.5647	83.65549	83.65549
222423	0.8809533	3	1	-7.553348	5.593927	-531.7655	-324.4459	83.65549	83.65549
222444	0.7458902	3	1	-6.370188	5.360909	-474.7425	-218.9473	83.65549	83.65549
222464	0.6544831	3	1	-6.022218	4.355163	-419.9852	-134.4274	83.65549	83.65549
222485	0.5617475	3	1	-6.067029	5.536597	-469.6504	-150.7223	83.65549	83.65549
222510	0.4619287	3	1	-6.982215	5.981377	-524.5056	-168.3127	83.65549	83.65549
222535	0.3275102	3	1	-5.627995	5.907591	-466.9865	-90.71004	83.65549	83.65549
222555	0.2377622	3	1	-4.352478	5.237926	-388.3774	-9.907462	83.65549	83.65549
222580	0.1619195	3	1	-3.902602	4.110286	-324.5138	44.17564	83.65549	83.65549
222601	0.09550795	3	1	-3.666496	3.056716	-272.2843	78.9298	83.65549	83.65549
222622	0.04517317	3	1	-2.024492	0.02547073	-83.04417	219.559	83.65549	83.65549
222642	0.009036213	3	1	-0.963587	-1.663381	28.33447	270.9488	83.65549	83.65549
222661	0	0	1	-0.8800429	-3.322514	0.0	0.0	83.65549	83.65549
222692	0	0	1	-1.805738	-4.924036	0.0	0.0	83.65549	83.65549
222712	0	0	1	-1.855855	-6.09493	0.0	0.0	83.65549	83.65549
222731	0	0	1	-0.5117558	-6.710571	0.0	0.0	83.65549	83.65549
222750	0	0	1	-0.2760621	-6.094581	0.0	0.0	83.65549	83.65549
222763	0	0	1	-0.8894294	-4.887681	0.0	0.0	83.65549	83.65549
222782	0	0	1	-1.247664	-3.617031	0.0	0.0	83.65549	83.65549
222801	0	0	1	-1.127961	-2.256561	0.0	0.0	83.65549	83.65549
222820	0	0	1	-0.03879953	-1.470586	0.0	0.0	83.65549	83.65549
222834	0	0	1	-0.3327829	-0.8503503	0.0	0.0	83.65549	83.65549
222911	0	0	1	-1.457534	-4.141058	0.0	0.0	83.65549	83.65549
222925	0	0	1	-1.636733	-3.496812	0.0	0.0	83.65549	83.65549
222944	0	0	1	-2.757193	-2.918943	0.0	0.0	83.65549	83.65549
222963	0	0	1	-1.851693	-2.171774	0.0	0.0	83.65549	83.65549
222994	0	0	1	-1.183808	-1.739778	0.0	0.0	83.65549	83.65549
223013	0.003255546	1	0	-1.503531	-1.860354	0.0	0.0	83.65549	83.65549
223034	0.02301908	1	0	-1.946235	-2.069751	4.95227	202.6904	84.36301	84.36301
223055	0.06229174	1	0	-1.163513	-3.220138	83.23913	230.0448	85.16602	85.16602
